CLIENT_ZIP,SITE_ID,SITE_LATITUDE,SITE_LONGITUDE,SITE_ZIP,DISTINCT_INTERACTION_ID_CNT
54650,12318,43.8730173,-91.1786141,54650,1
53209,27803,43.0906535,-87.9450801,53206,5
53210,28435,43.0409377,-87.9365218,53233,13
53214,29697,43.1116189,-87.9641853,53209,1
52049,13746,38.883601,-77.0264339,20260,1
53224,28435,43.0409377,-87.9365218,53233,9
53210,19259,43.0343804,-87.9031756,53202,1
53210,28153,43.0386745,-87.9199844,53203,1
54669,20037,0,0,,2
53225,26909,43.0932201,-87.9477251,53216,5
53208,12728,43.0602083,-89.4931812,53719,1
53221,31629,42.9600689,-87.9819402,53220,1
53212,37534,43.0607703,-87.934476,53205,1
53202,28101,43.0471809,-87.904287,53202,2
53205,27722,42.9856117,-87.9355419,53215,1
53216,28626,43.0081457,-88.2256718,53186,1
53215,28399,43.0210082,-87.9968633,53214,1
53218,29704,38.8120934,-77.0405248,22314,1
53218,6237,,,,1
53215,3750,42.9872017,-87.9397171,53215,1
53224,27890,43.03733013,-87.92320041,53233,1
53210,27234,43.0676122,-87.9781143,53210,3
53216,27055,43.0395821,-87.9198778,53233,14
53212,28400,43.0488227,-87.9278883,53205,17
53186,None,,,,1
53206,7212,43.0365345,-89.411282,53713,1
53150,28617,43.0136678,-88.237429,53188,1
53094,26791,43.1959791,-88.7232792,53094,1
53218,28432,43.1203566,-88.0140662,53218,3
53214,27715,43.0411607,-87.9142099,53203,1
54729,13873,44.9135889,-91.3955842,54729,1
53209,28435,43.0409377,-87.9365218,53233,11
53218,28435,43.0409377,-87.9365218,53233,13
53206,28435,43.0409377,-87.9365218,53233,27
53210,27744,43.05527576,-87.91821342,53212,1
53224,41157,43.0488227,-87.9278883,53205,1
53212,28504,43.0441177,-88.0289889,53226,6
53212,28622,43.0607703,-87.934476,53205,6
53216,27658,43.1244822,-87.9850609,53218,4
53209,28397,43.0210082,-87.9968633,53214,10
53206,37477,43.0395821,-87.9198778,53233,8
53110,27055,43.0395821,-87.9198778,53233,2
53212,28456,43.0483622,-87.9296885,53205,2
53216,26933,43.0371135,-87.9137137,53290,2
53214,27229,43.0147049,-88.0016685,53214,3
53215,36980,43.1479775,-87.9791231,53223,1
53202,,,,,1
55921,14687,44.0506888,-91.6393769,55987,1
55921,11483,43.8754262,-91.1801525,54650,1
54601,11923,43.8146827,-91.2486459,54601,1
53110,28504,43.0441177,-88.0289889,53226,3
53224,27114,43.0555513,-87.9627692,53208,1
53210,37820,43.0483622,-87.9296885,53205,5
54636,,,,,1
53208,28153,43.0386745,-87.9199844,53203,1
53214,27615,43.0440971,-88.0289756,53226,1
53225,28504,43.0441177,-88.0289889,53226,1
53209,37623,43.0210082,-87.9968633,53214,1
53218,27533,42.972029,-87.91947462,53221,1
53403,35298,42.732284,-87.7922417,53404,9
53215,27754,43.0054478,-87.9758952,53219,1
53204,20037,0,0,,3
53220,28400,43.0488227,-87.9278883,53205,4
53212,29198,43.0785993,-87.916434,53212,1
53209,26934,43.0453982,-87.9001095,53202,2
53218,28511,43.0551291,-87.9327909,53205,3
53221,27737,43.0530363,-87.934476,53205,1
53185,27282,43.0226032,-87.9314504,53204,1
53403,37288,43.0533748,-89.3955318,53715,1
53214,27737,43.0530363,-87.934476,53205,2
53206,36908,43.0406934,-87.9124493,53203,1
53404,28703,42.73079,-87.7832232,53403,1
53205,37819,43.0433344,-87.9240303,53233,6
53210,28929,43.0122026,-87.9523576,53215,2
53215,27787,43.0067816,-87.9304354,53204,6
53212,26934,43.0453982,-87.9001095,53202,3
53215,37477,43.0395821,-87.9198778,53233,4
53132,19318,42.9943092,-87.9134072,53207,1
53215,28483,42.9943092,-87.9134072,53207,1
53212,29715,43.1281001,-87.9909694,53218,2
53115,35256,42.6327899,-88.6381932,53115,1
53204,27111,43.0235637,-87.9891923,53214,1
53210,28622,43.0607703,-87.934476,53205,4
53404,28215,43.1002545,-89.5390746,53562,2
53207,28114,43.0383969,-87.947036,53233,1
53209,28600,43.0418686,-87.9084624,53202,3
53403,28240,42.7091628,-87.8045215,53403,3
53404,29704,38.8120934,-77.0405248,22314,2
53224,28400,43.0488227,-87.9278883,53205,4
53212,29588,43.0392652,-87.9152463,53203,4
53402,12703,43.0923884,-89.3525366,53704,1
53226,31808,43.0220824,-88.0005676,53214,1
53209,27576,43.0773764,-87.9580253,53216,1
53222,27055,43.0395821,-87.9198778,53233,2
53220,27745,43.0625038,-87.9771504,53210,1
55921,10630,43.6383785,-91.4935622,55921,1
54603,11817,43.8165172,-91.2482325,54601,1
53213,28401,43.0488227,-87.9278883,53205,1
53209,26933,43.0371135,-87.9137137,53290,5
53140,28645,42.5648355,-87.8446155,53143,1
53233,27081,43.0426483,-87.9212718,53233,1
53402,20050,43.0718225,-89.3816961,53703,1
53089,28617,43.0136678,-88.237429,53188,1
53209,28506,43.0658628,-87.9121427,53212,1
53213,30499,43.00679569,-88.02960138,53214,1
54304,6930,44.51141967,-88.0162226,54301,1
53206,27658,43.1244822,-87.9850609,53218,3
53207,28073,43.0402924,-87.9140894,53203,1
54669,14279,43.8149618,-91.2504499,54601,1
53209,28622,43.0607703,-87.934476,53205,5
53216,27271,43.1057349,-87.9337483,53209,1
53204,27087,42.990477,-87.9475489,53215,1
53218,27420,43.061501,-87.974422,53210,1
53154,28400,43.0488227,-87.9278883,53205,2
53214,28397,43.0210082,-87.9968633,53214,5
53226,37818,42.9850595,-87.9345942,53215,1
53210,29210,43.0415872,-87.9240961,53233,1
53208,28159,43.0395821,-87.9198778,53233,1
53209,28433,43.0484209,-87.9797328,53208,2
53202,27523,43.0417217,-87.9043253,53202,1
53204,28460,43.0308471,-88.0175196,53214,2
53204,30883,43.0641205,-87.96717239,,1
53209,19318,42.9943092,-87.9134072,53207,1
53219,28505,43.1192086,-88.0324478,53225,2
53210,27654,43.0535607,-87.9194224,53205,1
53204,28507,43.0177922,-87.9234448,53204,1
53188,28617,43.0136678,-88.237429,53188,3
53209,36980,43.1479775,-87.9791231,53223,4
53206,28468,43.052153,-87.9191542,53212,6
53216,28255,43.0604221,-87.946784,53205,1
53205,35464,43.0556602,-87.9181198,53212,3
53188,28613,43.0230072,-88.2131352,53186,1
55921,38042,37.7811495,-122.4579245,94118,1
53213,28456,43.0483622,-87.9296885,53205,1
53224,27737,43.0530363,-87.934476,53205,2
53210,28401,43.0488227,-87.9278883,53205,1
53208,20013,43.0345668,-87.924853,53233,1
53204,37690,43.039843,-87.920732,53233,1
54650,13946,43.8732619,-91.1990581,54650,1
53186,28609,42.9895128,-88.2447349,53189,1
53001,21054,43.701008,-87.719117,53081,1
53029,28397,43.0210082,-87.9968633,53214,1
53218,13746,38.883601,-77.0264339,20260,1
53212,28395,43.0229535,-87.9298417,53204,1
53209,37587,43.1423223,-87.9539741,53209,2
53225,37442,43.128509,-87.955344,53209,1
53403,28178,42.7275578,-87.7845572,53403,1
53225,27890,43.03733013,-87.92320041,53233,1
53222,12634,43.03884557,-87.91469278,53203,2
53218,32116,43.0750725,-88.0038214,53210,2
53214,27676,43.1040079,-87.9600134,53209,1
53403,29448,42.7168522,-87.8476854,53406,1
53211,37590,43.056006,-87.9162808,53212,1
53218,27114,43.0555513,-87.9627692,53208,3
53227,28504,43.0441177,-88.0289889,53226,1
53233,28439,43.042531,-87.94918,53208,1
53223,36980,43.1479775,-87.9791231,53223,1
53210,37534,43.0607703,-87.934476,53205,1
53216,37574,42.898416,-87.917775,53154,1
54729,,,,,1
53233,28153,43.0386745,-87.9199844,53203,1
53207,27621,43.0565334,-87.9879237,53208,1
53233,28505,43.1192086,-88.0324478,53225,4
53215,28504,43.0441177,-88.0289889,53226,2
53205,30121,43.0641205,-87.96717239,53233,1
53405,28793,42.7257877,-87.8932441,53406,1
53204,13748,38.8120934,-77.0405248,22314,1
53227,28397,43.0210082,-87.9968633,53214,1
53218,37820,43.0483622,-87.9296885,53205,4
53403,28435,43.0409377,-87.9365218,53233,1
53224,28273,42.5970446,-87.8564334,53144,1
53204,30499,43.00679569,-88.02960138,53214,2
53185,1034,43.07011497,-88.24109471,53188,1
53209,28114,43.0383969,-87.947036,53233,1
53210,29588,43.0392652,-87.9152463,53203,1
53029,34924,43.0215108,-88.2316651,53188,2
53209,30131,43.0172772,-87.9734204,53214,1
53212,36844,43.0898173,-87.9122221,53212,1
53209,30956,43.0641205,-87.96717239,53208,1
53202,27737,43.0530363,-87.934476,53205,1
53214,27227,43.0135771,-87.941262,53204,1
54304,20037,0,0,,1
53404,20050,43.0718225,-89.3816961,53703,1
53206,27903,43.0755531,-87.9792239,53210,1
53223,27114,43.0555513,-87.9627692,53208,1
53204,27555,43.0511886,-87.939263,53205,1
53226,27606,43.0147369,-87.949006,53215,1
54729,12772,39.0621943,-77.1123801,20852,1
54669,16575,44.8907241,-91.9310145,54751,1
54636,11509,43.7699717,-91.2125017,54601,1
53233,27621,43.0565334,-87.9879237,53208,1
53403,20037,0,0,,2
53209,27428,43.0439809,-87.9086048,53202,1
53225,27529,43.0418568,-87.9096904,53202,1
53204,30108,43.1625255,-88.0052206,53223,1
53219,19215,43.0210082,-87.9968633,53214,1
53223,29446,43.086291,-88.0235445,53222,1
53403,30728,42.715413,-87.829413,53405,1
53211,30499,43.00679569,-88.02960138,53214,1
53212,19318,42.9943092,-87.9134072,53207,1
53217,28400,43.0488227,-87.9278883,53205,1
53209,28159,43.0395821,-87.9198778,53233,1
53204,34922,43.0615264,-87.8864629,53211,1
55921,11031,44.0520323,-91.6363807,55987,1
52049,15619,42.6447221,-91.402788,52042,1
53225,36697,43.0389226,-87.962498,53208,1
53218,37533,43.0099488,-88.2250011,53186,1
53218,37398,32.7803421,-96.799284,75202,1
53204,27209,43.0433063,-87.9207418,53233,1
53206,28521,43.0415872,-87.9240961,53233,1
53212,28501,43.0559926,-87.9144992,53212,1
53404,28178,42.7275578,-87.7845572,53403,1
53219,37819,43.0433344,-87.9240303,53233,1
53222,34736,43.0901002,-87.9661372,53216,1
53210,28177,42.7077879,-87.8032018,53403,1
53208,30121,43.0641205,-87.96717239,53233,2
53214,38048,43.0160702,-88.0065798,53214,1
53228,19303,43.082398,-88.4380688,53066,1
53406,32482,42.7153861,-87.8181059,53405,2
53218,30883,43.0641205,-87.96717239,,2
53208,28470,42.9104804,-87.8624446,53172,1
53204,30167,43.1156658,-87.9865502,53218,1
53221,20039,43.0718225,-89.3816961,53703,1
53215,28527,43.0549598,-87.9145461,53212,1
53103,12634,43.03884557,-87.91469278,53203,1
53404,20037,0,0,,1
53215,27656,43.0523297,-87.9458108,53205,1
53207,27525,42.965465,-88.0038179,53220,1
53406,30172,42.7077879,-87.8032018,53403,1
54601,11320,43.8253425,-91.2505251,54603,1
54601,12703,43.0923884,-89.3525366,53704,1
55921,32117,43.8289291,-91.3056024,55947,1
54650,8236,43.8090509,-91.2483096,54601,1
52049,11483,43.8754262,-91.1801525,54650,1
53219,27235,43.0175128,-88.0583091,53214,1
54669,11320,43.8253425,-91.2505251,54603,1
53208,28399,43.0210082,-87.9968633,53214,1
53140,36455,42.5813036,-87.8249633,53140,1
53188,34924,43.0215108,-88.2316651,53188,1
53204,37592,43.0433865,-87.9208399,53233,1
53208,27658,43.1244822,-87.9850609,53218,1
53403,28620,42.7141496,-87.8022693,53403,2
53402,27282,43.0226032,-87.9314504,53204,1
53202,36573,43.0166335,-87.9915947,53214,1
53224,27240,43.1368903,-88.0073999,53223,1
53208,27225,43.0193608,-87.958023,53215,1
53209,28215,43.1002545,-89.5390746,53562,1
53224,37819,43.0433344,-87.9240303,53233,1
53212,35303,43.0415872,-87.9240961,53233,1
53211,37426,43.0472661,-87.8985764,53202,1
53208,26934,43.0453982,-87.9001095,53202,1
53208,27574,43.0418686,-87.9084624,53202,1
53224,28929,43.0122026,-87.9523576,53215,1
54650,11483,43.8754262,-91.1801525,54650,2
54603,7489,43.8838955,-91.2309818,54650,4
54729,7212,43.0365345,-89.411282,53713,1
53215,35464,43.0556602,-87.9181198,53212,3
53218,28400,43.0488227,-87.9278883,53205,24
53208,28397,43.0210082,-87.9968633,53214,27
53215,13748,38.8120934,-77.0405248,22314,1
53209,37477,43.0395821,-87.9198778,53233,5
53216,28435,43.0409377,-87.9365218,53233,10
53210,26933,43.0371135,-87.9137137,53290,1
53404,32431,42.5810126,-87.8338692,53140,1
53216,27576,43.0773764,-87.9580253,53216,1
53224,29587,43.1790677,-88.0077181,53223,2
53227,28405,43.0488227,-87.9278883,53205,1
53402,30141,42.7091628,-87.8045215,53403,2
53208,37820,43.0483622,-87.9296885,53205,10
53404,30981,42.7167377,-87.8003283,53403,5
53223,30895,43.1627769,-88.0154764,53224,2
53225,30107,43.0073399,-88.2232192,53186,1
53218,28505,43.1192086,-88.0324478,53225,13
53202,28397,43.0210082,-87.9968633,53214,5
53215,27529,43.0418568,-87.9096904,53202,1
53209,27890,43.03733013,-87.92320041,53233,1
53218,27228,43.0102909,-87.9870578,53219,2
53223,37477,43.0395821,-87.9198778,53233,2
53208,28400,43.0488227,-87.9278883,53205,19
53214,35303,43.0415872,-87.9240961,53233,1
53210,26909,43.0932201,-87.9477251,53216,6
53216,5317,32.9112562,-96.8758046,75234,1
53189,29703,43.0256503,-88.232283,53188,1
53215,27055,43.0395821,-87.9198778,53233,8
53216,28929,43.0122026,-87.9523576,53215,1
53206,27737,43.0530363,-87.934476,53205,5
53202,20037,0,0,,1
53218,26909,43.0932201,-87.9477251,53216,10
54601,19392,43.80054102,-91.25449207,54601,1
55921,7387,44.0526896,-91.6367827,55987,1
54701,8596,44.8113931,-91.5014253,54701,1
54603,14999,43.8113574,-91.2487587,54601,1
54729,13320,44.9363389,-91.3967156,54729,1
54669,19239,43.03521521,-89.44944207,53711,1
53209,28929,43.0122026,-87.9523576,53215,2
53209,30499,43.00679569,-88.02960138,53214,8
53209,34894,43.1103985,-87.9497902,53209,5
53208,28431,43.0654111,-87.9144034,53212,1
53224,27555,43.0511886,-87.939263,53205,1
54650,10902,43.8058612,-91.243225,54601,1
54601,11817,43.8165172,-91.2482325,54601,3
53225,27658,43.1244822,-87.9850609,53218,2
53208,19318,42.9943092,-87.9134072,53207,1
53405,30047,42.7265875,-87.8064506,53405,5
53223,37110,43.1847944,-88.0045085,53223,2
53205,26996,43.0426219,-87.9279631,53233,1
53402,35298,42.732284,-87.7922417,53404,4
53209,29715,43.1281001,-87.9909694,53218,1
53204,28434,43.0409377,-87.9365218,53233,4
53215,37820,43.0483622,-87.9296885,53205,4
53222,26909,43.0932201,-87.9477251,53216,2
53206,35464,43.0556602,-87.9181198,53212,6
53225,28509,43.0172491,-87.986702,53214,1
53225,37371,43.0388838,-87.9466914,53233,1
53404,None,,,,3
53405,28240,42.7091628,-87.8045215,53403,2
53402,12661,43.0718225,-89.3816961,53703,1
53402,20037,0,0,,1
53206,27682,43.0433322,-87.9238174,53233,2
53206,13748,38.8120934,-77.0405248,22314,1
53226,28432,43.1203566,-88.0140662,53218,1
53210,None,,,,10
53215,37986,43.0124994,-87.9928039,53214,3
53207,28434,43.0409377,-87.9365218,53233,1
53218,30644,,,,1
53204,29588,43.0392652,-87.9152463,53203,1
53212,28159,43.0395821,-87.9198778,53233,1
53221,37820,43.0483622,-87.9296885,53205,1
53216,26909,43.0932201,-87.9477251,53216,6
53216,19397,43.0383536,-87.9361611,53233,1
53218,27621,43.0565334,-87.9879237,53208,1
53214,,,,,1
53228,27615,43.0440971,-88.0289756,53226,1
53188,28623,43.0154068,-88.2346077,53188,1
53225,29410,43.0503087,-87.9430539,53205,1
53225,27579,43.1294477,-88.0226191,53225,1
54636,11617,43.8153635,-91.2460309,54601,1
53209,29697,43.1116189,-87.9641853,53209,5
54636,37152,43.0759324,-89.381178,53703,1
53105,28130,42.7300554,-87.9606641,53177,2
53206,41157,43.0488227,-87.9278883,53205,1
53204,34906,43.0186942,-87.9208782,53204,1
53209,37819,43.0433344,-87.9240303,53233,3
53090,37341,43.3902137,-88.1813243,53095,1
53218,28399,43.0210082,-87.9968633,53214,1
53218,27737,43.0530363,-87.934476,53205,1
53215,41157,43.0488227,-87.9278883,53205,1
53406,30187,42.7148104,-87.8143275,53405,1
53204,29210,43.0415872,-87.9240961,53233,1
53209,26937,43.0147369,-87.949006,53215,1
53225,28159,43.0395821,-87.9198778,53233,1
53218,1546,44.8233653,-87.38816573,54235,1
53209,28456,43.0483622,-87.9296885,53205,3
53209,28432,43.1203566,-88.0140662,53218,2
53206,37350,39.0948465,-84.4965748,41071,1
53209,37348,44.515313,-88.0112738,54301,1
53110,37371,43.0388838,-87.9466914,53233,1
53223,27222,43.0957561,-87.9707122,53216,1
53223,12627,38.8839902,-77.0227117,20410,1
53186,27282,43.0226032,-87.9314504,53204,1
53222,28127,43.3770743,-88.4380492,53027,1
53204,28504,43.0441177,-88.0289889,53226,4
53206,26933,43.0371135,-87.9137137,53290,2
53404,29679,42.726192,-87.7829817,53403,1
53208,26937,43.0147369,-87.949006,53215,1
54603,14279,43.8149618,-91.2504499,54601,1
53227,27227,43.0135771,-87.941262,53204,1
53210,28431,43.0654111,-87.9144034,53212,3
53218,12097,43.0603089,-89.2885089,53718,1
53215,20037,0,0,,1
53110,37156,42.9995223,-88.0412757,53227,1
53051,,,,,2
53220,19318,42.9943092,-87.9134072,53207,2
53218,28127,43.3770743,-88.4380492,53027,1
53221,28505,43.1192086,-88.0324478,53225,1
53072,34924,43.0215108,-88.2316651,53188,1
53212,27745,43.0625038,-87.9771504,53210,1
53211,28431,43.0654111,-87.9144034,53212,1
53223,28193,43.0210082,-87.9968633,53214,1
53224,27102,43.3185059,-87.9289788,53024,1
53225,28859,43.05991,-88.009118,53213,1
53225,28435,43.0409377,-87.9365218,53233,3
53205,37760,43.0559483,-88.2247031,53188,1
53228,28400,43.0488227,-87.9278883,53205,2
53207,27276,42.9668847,-87.9359115,53221,1
53212,29210,43.0415872,-87.9240961,53233,1
53208,27737,43.0530363,-87.934476,53205,7
53208,35084,43.05823,-89.2957787,53718,1
53233,12634,43.03884557,-87.91469278,53203,2
54601,11790,43.8146827,-91.2486459,54601,1
54601,11504,43.8845974,-91.1659721,54650,1
53219,28397,43.0210082,-87.9968633,53214,1
54669,9307,44.7753877,-91.4479622,54701,1
53214,29715,43.1281001,-87.9909694,53218,1
53022,28435,43.0409377,-87.9365218,53233,1
53216,37591,43.1156658,-87.9865519,53218,1
54669,11919,43.8146827,-91.2486459,54601,2
53206,19963,43.02236034,-87.91836009,53203,1
53216,12642,43.0727634,-89.3863029,53703,1
53105,19972,43.0512611,-87.9117979,53212,1
53089,28633,43.1340619,-88.2194648,53089,1
53204,12634,43.03884557,-87.91469278,53203,1
53212,28405,43.0488227,-87.9278883,53205,4
53210,35382,43.0743635,-87.9765372,53210,1
53221,33496,43.0185227,-87.9471891,53215,1
53202,19247,43.0554359,-87.9627249,53208,1
53189,28609,42.9895128,-88.2447349,53189,1
53225,13748,38.8120934,-77.0405248,22314,1
53405,29448,42.7168522,-87.8476854,53406,1
54729,1002,44.9599555,-89.6252381,54403,1
54729,37355,43.8276228,-91.2155493,54601,1
52049,7489,43.8838955,-91.2309818,54650,1
54636,20032,43.0741802,-89.4611365,53705,1
53213,28622,43.0607703,-87.934476,53205,2
53208,28444,43.0633551,-87.9180815,53212,1
53222,19215,43.0210082,-87.9968633,53214,1
54627,11210,43.8043634,-91.2427084,54601,1
53203,27737,43.0530363,-87.934476,53205,1
53404,19955,43.0230176,-87.9186945,53204,1
53212,27414,43.0659127,-87.8995488,53212,3
53916,35005,43.7717955,-88.4474104,54935,1
53233,29239,43.046,-87.9026344,53202,1
53186,30054,43.0139088,-88.2347018,53188,1
53209,27523,43.0417217,-87.9043253,53202,1
53224,37426,43.0472661,-87.8985764,53202,1
53406,28177,42.7077879,-87.8032018,53403,1
53403,28177,42.7077879,-87.8032018,53403,3
53218,28114,43.0383969,-87.947036,53233,1
53403,28353,42.7125,-88.1148376,53139,1
53221,35588,42.9277261,-87.9095444,53154,1
53209,28193,43.0210082,-87.9968633,53214,2
53228,30054,43.0139088,-88.2347018,53188,1
53186,28435,43.0409377,-87.9365218,53233,1
53225,28622,43.0607703,-87.934476,53205,3
53216,27555,43.0511886,-87.939263,53205,1
53206,27391,43.009808,-87.9618726,53215,1
55921,10532,43.8233966,-91.307804,55947,1
54601,20037,0,0,,3
53208,27410,43.0542029,-87.9572958,53208,1
53092,12770,35.20783477,-80.83076703,28235,1
54669,37355,43.8276228,-91.2155493,54601,1
53110,6405,43.0995937,-89.3645741,53704,1
53218,27084,43.1188947,-87.9982818,53218,1
53206,27621,43.0565334,-87.9879237,53208,1
53224,27621,43.0565334,-87.9879237,53208,1
53204,27894,43.0254095,-87.9103809,53204,1
53222,28405,43.0488227,-87.9278883,53205,2
53205,20037,0,0,,1
53214,27225,43.0193608,-87.958023,53215,2
53110,28452,42.9602523,-87.85793,53110,1
53204,27248,43.0481017,-87.9320632,53205,1
54914,35959,44.2630124,-88.4873824,54913,1
53226,27683,43.04333,-87.9237698,53233,1
53224,28434,43.0409377,-87.9365218,53233,1
53189,12703,43.0923884,-89.3525366,53704,1
53209,26948,43.0143562,-87.9246116,53204,1
53218,28600,43.0418686,-87.9084624,53202,1
53215,3574,44.909097,-89.651619,54401,1
54601,14570,43.8146827,-91.2486459,54601,1
54636,7750,43.7665519,-91.2105927,54601,1
53219,28468,43.052153,-87.9191542,53212,1
54729,8252,44.9247228,-91.3805012,54729,1
53204,19961,43.0741802,-89.4611365,53705,1
53209,32116,43.0750725,-88.0038214,53210,1
53027,28099,43.4260334,-88.1755546,53095,1
53209,37820,43.0483622,-87.9296885,53205,3
53225,37288,43.0533748,-89.3955318,53715,1
53218,28073,43.0402924,-87.9140894,53203,1
53402,37600,42.5891522,-87.8516686,53144,1
53225,28434,43.0409377,-87.9365218,53233,1
53207,28159,43.0395821,-87.9198778,53233,1
53221,26933,43.0371135,-87.9137137,53290,1
53072,29696,43.0215108,-88.2316651,53188,1
53206,33703,43.1772211,-88.0289143,53224,1
53224,35390,43.149703,-88.021426,53224,1
53214,27683,43.04333,-87.9237698,53233,1
53202,31930,39.3176611,-76.763428,21244,1
55921,,,,,1
54729,None,,,,1
54650,None,,,,3
54636,20037,0,0,,1
53216,30499,43.00679569,-88.02960138,53214,3
53405,26937,43.0147369,-87.949006,53215,1
52049,37403,42.8697828,-91.3982242,52043,1
53202,28504,43.0441177,-88.0289889,53226,4
53206,11642,43.8146827,-91.2486459,54601,1
53208,28434,43.0409377,-87.9365218,53233,6
53188,28397,43.0210082,-87.9968633,53214,5
53223,37760,43.0559483,-88.2247031,53188,1
53202,27448,42.9468522,-87.9290002,53221,1
53216,27222,43.0957561,-87.9707122,53216,1
53204,29704,38.8120934,-77.0405248,22314,1
53090,27839,43.0392652,-87.9152463,53203,1
53204,30981,42.7167377,-87.8003283,53403,1
53203,4425,43.0900814,-89.52733839,53562,1
53223,29414,43.0699934,-87.9058583,53212,1
53205,27055,43.0395821,-87.9198778,53233,5
53223,28405,43.0488227,-87.9278883,53205,1
53204,28435,43.0409377,-87.9365218,53233,8
53154,12703,43.0923884,-89.3525366,53704,1
53208,20037,0,0,,4
53208,,,,,1
53405,30172,42.7077879,-87.8032018,53403,1
53233,27361,43.0572735,-87.9615445,53208,1
53216,28114,43.0383969,-87.947036,53233,1
53225,28400,43.0488227,-87.9278883,53205,7
53212,27384,43.0641205,-87.96717239,53224,1
53402,28153,43.0386745,-87.9199844,53203,1
53189,29696,43.0215108,-88.2316651,53188,2
53402,30187,42.7148104,-87.8143275,53405,1
53205,19947,43.1469874,-89.2922553,53718,1
53209,37884,43.0533748,-89.3955318,53715,1
53208,26986,43.0451424,-87.9393587,53233,2
53115,2278,42.5215298,-89.032617,53511,1
53210,41157,43.0488227,-87.9278883,53205,2
53403,28621,42.5663706,-87.8468795,53142,1
53090,29704,38.8120934,-77.0405248,22314,1
53186,28153,43.0386745,-87.9199844,53203,1
53208,30499,43.00679569,-88.02960138,53214,14
53092,30730,43.3878021,-87.8723519,53074,1
53209,35115,43.0781352,-87.9160112,53212,2
53215,30167,43.1156658,-87.9865502,53218,1
53405,35298,42.732284,-87.7922417,53404,2
53218,26919,43.101475,-87.9903615,53218,2
53218,28397,43.0210082,-87.9968633,53214,15
53207,28502,42.988534,-87.8924671,53207,1
53210,27239,43.0795815,-87.9669952,53216,3
53204,19963,43.02236034,-87.91836009,53203,2
53218,37986,43.0124994,-87.9928039,53214,1
53218,30499,43.00679569,-88.02960138,53214,6
53225,30121,43.0641205,-87.96717239,53233,1
53218,27658,43.1244822,-87.9850609,53218,12
53209,28505,43.1192086,-88.0324478,53225,11
54650,11547,43.8165172,-91.2482325,54601,2
53212,28434,43.0409377,-87.9365218,53233,5
53225,32116,43.0750725,-88.0038214,53210,1
54601,15774,43.8348402,-91.2354192,54603,2
53206,28456,43.0483622,-87.9296885,53205,2
53233,30167,43.1156658,-87.9865502,53218,1
53209,36620,43.139876,-87.9648735,53209,4
53224,12634,43.03884557,-87.91469278,53203,2
53218,None,,,,8
53214,37820,43.0483622,-87.9296885,53205,1
53216,28622,43.0607703,-87.934476,53205,6
53205,27737,43.0530363,-87.934476,53205,3
53216,35464,43.0556602,-87.9181198,53212,1
53222,27752,43.0396707,-87.9504051,53208,1
53216,29697,43.1116189,-87.9641853,53209,4
53204,20977,,,,1
53222,27621,43.0565334,-87.9879237,53208,2
53210,27114,43.0555513,-87.9627692,53208,4
53208,28929,43.0122026,-87.9523576,53215,2
53212,26909,43.0932201,-87.9477251,53216,2
53202,30499,43.00679569,-88.02960138,53214,1
53210,27533,42.972029,-87.91947462,53221,3
53208,27606,43.0147369,-87.949006,53215,1
53404,28177,42.7077879,-87.8032018,53403,3
53206,28929,43.0122026,-87.9523576,53215,2
53220,35474,43.012833,-87.992762,53214,1
54220,21447,44.0961675,-87.6546449,54220,1
53210,27115,43.0554294,-87.9627315,53208,6
53405,30981,42.7167377,-87.8003283,53403,1
53216,26912,43.0663966,-87.946555,53206,1
53405,28130,42.7300554,-87.9606641,53177,1
53209,28504,43.0441177,-88.0289889,53226,3
53233,28049,43.0460713,-87.9120661,53202,1
53205,28434,43.0409377,-87.9365218,53233,3
53221,27087,42.990477,-87.9475489,53215,1
53212,27171,43.0418686,-87.9084624,53202,2
53144,30139,42.5492485,-87.8259614,53143,1
53204,19383,43.033482,-87.908583,53202,1
53221,28434,43.0409377,-87.9365218,53233,1
53206,30642,43.0715876,-87.9352803,53206,6
nan,28400,43.0488227,-87.9278883,53205,1
53211,30041,43.0829855,-87.9192769,53212,1
54601,20039,43.0718225,-89.3816961,53703,1
53215,28397,43.0210082,-87.9968633,53214,9
53223,27754,43.0054478,-87.9758952,53219,1
53404,26937,43.0147369,-87.949006,53215,1
53226,28504,43.0441177,-88.0289889,53226,1
53210,20037,0,0,,4
53224,8653,43.0743635,-87.9765372,53210,1
53188,19215,43.0210082,-87.9968633,53214,1
53216,27234,43.0676122,-87.9781143,53210,1
53186,4074,42.6796189,-89.0267822,53548,1
53001,28193,43.0210082,-87.9968633,53214,1
53206,27114,43.0555513,-87.9627692,53208,2
53206,28395,43.0229535,-87.9298417,53204,2
53206,12634,43.03884557,-87.91469278,53203,2
53405,28177,42.7077879,-87.8032018,53403,1
53209,29058,43.1648821,-88.0055004,53223,1
53206,26937,43.0147369,-87.949006,53215,1
53218,28049,43.0460713,-87.9120661,53202,1
53206,28193,43.0210082,-87.9968633,53214,2
53005,28659,43.0145769,-88.2323118,53188,1
53154,33401,42.8898909,-87.9338201,53154,1
53209,19411,43.0759324,-89.381178,53703,1
53205,27249,43.0600172,-87.9432071,53205,1
54701,11483,43.8754262,-91.1801525,54650,1
54650,,,,,2
53091,28846,43.0398442,-88.1481234,53045,1
53210,28405,43.0488227,-87.9278883,53205,1
53215,37426,43.0472661,-87.8985764,53202,2
54729,33421,44.8121863,-91.5129352,54703,1
54669,11642,43.8146827,-91.2486459,54601,1
53208,35370,43.0494871,-87.9696437,53208,1
53207,27682,43.0433322,-87.9238174,53233,1
53221,27577,43.1344371,-88.0070416,53218,1
53212,27533,42.972029,-87.91947462,53221,2
53224,29867,43.1452797,-88.071874,53051,1
53051,30054,43.0139088,-88.2347018,53188,1
53205,26933,43.0371135,-87.9137137,53290,1
53225,28401,43.0488227,-87.9278883,53205,1
54729,16575,44.8907241,-91.9310145,54751,1
53216,27391,43.009808,-87.9618726,53215,1
53225,35612,43.067615,-87.9441198,53206,1
53214,27428,43.0439809,-87.9086048,53202,1
53404,12634,43.03884557,-87.91469278,53203,2
53212,29373,43.0382397,-87.9047469,53202,1
53218,20037,0,0,,2
53225,41157,43.0488227,-87.9278883,53205,1
53110,41157,43.0488227,-87.9278883,53205,1
53205,27890,43.03733013,-87.92320041,53233,1
53202,27414,43.0659127,-87.8995488,53212,1
53215,27384,43.0641205,-87.96717239,53224,1
53216,36600,43.029371,-88.267498,53188,1
53207,27754,43.0054478,-87.9758952,53219,1
53225,28880,43.1818161,-87.9703085,53223,1
53213,35464,43.0556602,-87.9181198,53212,1
53206,27102,43.3185059,-87.9289788,53024,1
53218,12655,43.0718225,-89.3816961,53703,1
53211,27553,43.0898173,-87.9122221,53212,1
53206,27861,43.0418389,-87.9412286,53233,1
53209,7749,43.073728,-89.3823586,53703,1
53221,37477,43.0395821,-87.9198778,53233,2
54601,6741,43.7942288,-91.2476896,54601,1
54701,13765,39.0032975,-77.0979496,20892,1
54603,None,,,,1
54669,11326,43.9003471,-91.0808416,54669,1
54669,11210,43.8043634,-91.2427084,54601,1
53208,27684,43.0490067,-87.9614679,53208,2
55921,4327,40.735083,-73.9881983,10003,1
54636,7489,43.8838955,-91.2309818,54650,1
54669,11509,43.7699717,-91.2125017,54601,1
53218,28504,43.0441177,-88.0289889,53226,7
53210,27238,43.0568755,-87.9820427,53208,1
53225,26937,43.0147369,-87.949006,53215,1
53222,29704,38.8120934,-77.0405248,22314,1
53204,37820,43.0483622,-87.9296885,53205,2
53206,32116,43.0750725,-88.0038214,53210,1
53215,29715,43.1281001,-87.9909694,53218,1
53213,28612,43.0215268,-88.2537804,53188,1
53204,35548,43.0892598,-88.0466451,53222,2
53233,30092,43.117443,-87.9173152,53217,1
53220,30727,42.9670153,-87.9516685,53221,2
53210,27745,43.0625038,-87.9771504,53210,1
53208,26948,43.0143562,-87.9246116,53204,1
53204,30156,43.0542933,-87.9138287,53212,1
53186,28737,42.9796242,-88.2479508,53189,1
53404,28141,42.7067114,-87.8303626,53405,1
53202,28153,43.0386745,-87.9199844,53203,1
53216,27238,43.0568755,-87.9820427,53208,1
53188,30107,43.0073399,-88.2232192,53186,1
53206,29049,43.1368932,-87.9546928,53209,1
53218,37391,43.0040908,-88.0188622,53227,1
53188,12085,43.0835215,-89.3643879,53703,1
53222,29715,43.1281001,-87.9909694,53218,2
54669,9926,43.7732581,-91.2162628,54601,1
54636,37370,44.8079904,-91.4676772,54720,1
54601,1691,38.8926833,-77.0211372,20580,1
53225,34925,43.0995749,-88.0532002,53225,2
53233,36980,43.1479775,-87.9791231,53223,1
53216,19279,43.026544,-87.9060882,53204,1
53216,30054,43.0139088,-88.2347018,53188,1
53214,27745,43.0625038,-87.9771504,53210,1
53404,28184,42.7233633,-87.7822227,53403,1
53210,41185,43.1640128,-88.1384415,53051,1
53202,37820,43.0483622,-87.9296885,53205,1
53208,30054,43.0139088,-88.2347018,53188,2
53186,,,,,1
53204,35303,43.0415872,-87.9240961,53233,1
53224,28159,43.0395821,-87.9198778,53233,1
53208,6237,,,,1
53202,34922,43.0615264,-87.8864629,53211,1
53216,27621,43.0565334,-87.9879237,53208,1
53214,28444,43.0633551,-87.9180815,53212,1
53402,28397,43.0210082,-87.9968633,53214,1
53212,35524,43.1347475,-89.2905861,53718,1
53205,29413,43.0463505,-87.935893,53233,1
53233,26986,43.0451424,-87.9393587,53233,1
53228,37415,43.088674,-89.5263264,53562,1
54601,14365,43.8685055,-91.2071009,54650,1
54601,6307,43.098365,-89.3050382,53714,1
54729,13709,44.9405362,-91.3964516,54729,1
54603,16502,43.8180537,-91.1863757,54601,1
53216,30883,43.0641205,-87.96717239,,1
54669,11647,43.8146827,-91.2486459,54601,1
53214,29704,38.8120934,-77.0405248,22314,1
53405,30728,42.715413,-87.829413,53405,1
54729,7489,43.8838955,-91.2309818,54650,1
53233,36285,43.062877,-87.9279037,53206,1
53186,28617,43.0136678,-88.237429,53188,1
53209,29588,43.0392652,-87.9152463,53203,1
53205,37477,43.0395821,-87.9198778,53233,1
53214,27270,43.0442202,-88.0395454,53226,1
53215,36710,,,,1
53209,5317,32.9112562,-96.8758046,75234,1
53916,34855,43.4491612,-88.8240121,53916,1
53406,28240,42.7091628,-87.8045215,53403,1
53218,29715,43.1281001,-87.9909694,53218,1
53404,30187,42.7148104,-87.8143275,53405,1
53405,37371,43.0388838,-87.9466914,53233,1
53402,32482,42.7153861,-87.8181059,53405,2
53210,27083,43.0613891,-87.9751641,53210,1
53223,37371,43.0388838,-87.9466914,53233,1
53210,35612,43.067615,-87.9441198,53206,1
53218,35372,43.0741783,-87.9150366,53212,1
54601,9926,43.7732581,-91.2162628,54601,1
54650,12703,43.0923884,-89.3525366,53704,1
53202,28444,43.0633551,-87.9180815,53212,1
53204,27400,43.0418585,-88.0261691,53226,1
53212,27621,43.0565334,-87.9879237,53208,1
53205,37534,43.0607703,-87.934476,53205,1
53220,30499,43.00679569,-88.02960138,53214,1
53210,37477,43.0395821,-87.9198778,53233,1
53404,28151,42.7258283,-87.7899518,53403,1
53212,29058,43.1648821,-88.0055004,53223,1
53204,27745,43.0625038,-87.9771504,53210,1
53210,28201,42.5891522,-87.8516686,53144,1
53210,12634,43.03884557,-87.91469278,53203,1
53210,37760,43.0559483,-88.2247031,53188,1
53405,20037,0,0,,1
53218,26968,43.0741783,-87.9150366,53212,1
53186,28761,43.0643474,-88.35343,53018,1
53214,37592,43.0433865,-87.9208399,53233,1
53223,28511,43.0551291,-87.9327909,53205,1
53210,28101,43.0471809,-87.904287,53202,1
52136,9530,43.3724585,-92.1161642,52136,1
54601,7489,43.8838955,-91.2309818,54650,7
53091,28612,43.0215268,-88.2537804,53188,1
53233,20037,0,0,,1
53214,27234,43.0676122,-87.9781143,53210,1
53208,27112,43.1804866,-87.963573,53209,1
53224,30883,43.0641205,-87.96717239,,1
53218,28531,43.0426807,-87.9237513,53233,1
53206,37820,43.0483622,-87.9296885,53205,7
53223,28435,43.0409377,-87.9365218,53233,7
53208,27683,43.04333,-87.9237698,53233,5
53215,28435,43.0409377,-87.9365218,53233,6
53210,27227,43.0135771,-87.941262,53204,1
53216,28468,43.052153,-87.9191542,53212,4
53225,28505,43.1192086,-88.0324478,53225,5
53225,None,,,,6
53218,37477,43.0395821,-87.9198778,53233,6
53205,28444,43.0633551,-87.9180815,53212,1
53403,30981,42.7167377,-87.8003283,53403,4
53224,27055,43.0395821,-87.9198778,53233,2
53228,28405,43.0488227,-87.9278883,53205,1
53210,30511,43.1034118,-87.993894,53218,1
53210,28397,43.0210082,-87.9968633,53214,15
53210,30121,43.0641205,-87.96717239,53233,2
53403,30187,42.7148104,-87.8143275,53405,4
53225,27574,43.0418686,-87.9084624,53202,1
53204,28400,43.0488227,-87.9278883,53205,18
53202,28509,43.0172491,-87.986702,53214,1
53405,7212,43.0365345,-89.411282,53713,1
53225,28432,43.1203566,-88.0140662,53218,1
53212,28435,43.0409377,-87.9365218,53233,6
53110,28505,43.1192086,-88.0324478,53225,1
53218,30956,43.0641205,-87.96717239,53208,1
53210,19945,43.07519041,-89.38072137,53703,1
53001,20626,43.7538195,-87.7159532,53081,1
53223,26934,43.0453982,-87.9001095,53202,1
53214,35539,43.0171258,-87.9818254,53214,1
53207,28397,43.0210082,-87.9968633,53214,5
53209,29210,43.0415872,-87.9240961,53233,1
53210,27890,43.03733013,-87.92320041,53233,3
53215,28193,43.0210082,-87.9968633,53214,2
53211,37477,43.0395821,-87.9198778,53233,2
53206,35612,43.067615,-87.9441198,53206,8
53218,5317,32.9112562,-96.8758046,75234,2
53206,28400,43.0488227,-87.9278883,53205,25
53208,35303,43.0415872,-87.9240961,53233,1
53212,37477,43.0395821,-87.9198778,53233,4
53209,27529,43.0418568,-87.9096904,53202,1
53211,28397,43.0210082,-87.9968633,53214,1
53402,30292,42.7678358,-87.7862687,53402,2
53215,12634,43.03884557,-87.91469278,53203,1
53204,26948,43.0143562,-87.9246116,53204,2
53214,27391,43.009808,-87.9618726,53215,1
53210,28505,43.1192086,-88.0324478,53225,9
53212,19963,43.02236034,-87.91836009,53203,2
53224,29696,43.0215108,-88.2316651,53188,1
53150,37795,43.0095436,-88.229806,53186,1
53402,37623,43.0210082,-87.9968633,53214,1
53218,28521,43.0415872,-87.9240961,53233,1
53226,28405,43.0488227,-87.9278883,53205,1
53704,,,,,1
54669,37095,43.807362,-91.252066,54601,1
53208,27745,43.0625038,-87.9771504,53210,4
53214,28466,43.1176754,-87.9904266,53218,1
53216,37477,43.0395821,-87.9198778,53233,7
53216,29690,43.0191668,-88.0003383,53214,1
53208,12770,35.20783477,-80.83076703,28235,2
53219,33111,42.9598425,-87.9689602,,1
54603,12318,43.8730173,-91.1786141,54650,1
53204,27081,43.0426483,-87.9212718,53233,1
53215,37819,43.0433344,-87.9240303,53233,5
53212,28387,41.9819282,-87.8376307,60631,1
53224,27577,43.1344371,-88.0070416,53218,1
53202,28049,43.0460713,-87.9120661,53202,3
53206,20049,43.0718225,-89.3816961,53703,1
53206,28436,43.0601086,-87.9167405,53212,1
53202,12634,43.03884557,-87.91469278,53203,1
53233,27737,43.0530363,-87.934476,53205,3
53223,30054,43.0139088,-88.2347018,53188,1
53208,28456,43.0483622,-87.9296885,53205,4
53204,28395,43.0229535,-87.9298417,53204,8
53209,37288,43.0533748,-89.3955318,53715,2
53206,27576,43.0773764,-87.9580253,53216,1
53206,None,,,,13
53216,37820,43.0483622,-87.9296885,53205,2
53216,27781,43.0495723,-87.9698493,53208,2
53209,30047,42.7265875,-87.8064506,53405,1
53212,28431,43.0654111,-87.9144034,53212,2
53206,27555,43.0511886,-87.939263,53205,4
53222,30499,43.00679569,-88.02960138,53214,4
53224,30499,43.00679569,-88.02960138,53214,1
53223,37819,43.0433344,-87.9240303,53233,3
53206,30883,43.0641205,-87.96717239,,2
53186,28614,42.9897035,-88.2488943,53186,1
53214,27273,43.0133034,-88.0052784,53214,2
53216,27533,42.972029,-87.91947462,53221,3
53226,19398,42.9919933,-87.9375834,53215,1
53405,,,,,1
54669,13765,39.0032975,-77.0979496,20892,1
53406,20039,43.0718225,-89.3816961,53703,1
53206,28482,43.0198308,-87.9186945,53204,1
53404,30047,42.7265875,-87.8064506,53405,4
53216,27890,43.03733013,-87.92320041,53233,1
53216,27529,43.0418568,-87.9096904,53202,1
54669,17309,38.8866804,-77.014524,20201,1
53210,28619,43.0121929,-88.2229148,53186,1
53210,28679,42.9999061,-87.9021477,53207,1
53223,26937,43.0147369,-87.949006,53215,1
53218,12634,43.03884557,-87.91469278,53203,1
53210,28803,43.0161722,-87.9914648,53214,1
53223,28468,43.052153,-87.9191542,53212,1
52049,None,,,,1
53209,None,,,,10
53215,28507,43.0177922,-87.9234448,53204,1
53402,28156,42.7046712,-87.8011629,53403,1
53212,29704,38.8120934,-77.0405248,22314,3
53202,27102,43.3185059,-87.9289788,53024,1
53227,28400,43.0488227,-87.9278883,53205,1
53209,28305,43.0403329,-87.9070863,53202,1
53208,28622,43.0607703,-87.934476,53205,2
53220,37477,43.0395821,-87.9198778,53233,1
53212,30167,43.1156658,-87.9865502,53218,1
53209,31012,43.1012479,-87.9173147,53212,1
53233,19963,43.02236034,-87.91836009,53203,1
53223,28397,43.0210082,-87.9968633,53214,5
53225,28468,43.052153,-87.9191542,53212,1
53212,34907,43.067804,-87.9229711,53206,1
53218,37442,43.128509,-87.955344,53209,2
53215,27225,43.0193608,-87.958023,53215,1
54601,6237,,,,1
54701,37355,43.8276228,-91.2155493,54601,1
53204,28159,43.0395821,-87.9198778,53233,1
53188,31808,43.0220824,-88.0005676,53214,1
53205,28400,43.0488227,-87.9278883,53205,6
53208,20036,43.0488227,-87.9278883,53205,1
53204,34981,42.9754346,-87.9089248,53207,1
53219,27055,43.0395821,-87.9198778,53233,3
53154,None,,,,1
53210,34736,43.0901002,-87.9661372,53216,1
53406,28703,42.73079,-87.7832232,53403,1
53227,32116,43.0750725,-88.0038214,53210,1
53223,27890,43.03733013,-87.92320041,53233,1
53208,26909,43.0932201,-87.9477251,53216,2
53402,28177,42.7077879,-87.8032018,53403,1
53233,27654,43.0535607,-87.9194224,53205,1
53223,30121,43.0641205,-87.96717239,53233,2
53223,37589,43.1847944,-88.0045085,53223,2
53216,30813,43.089777,-87.988605,53216,2
53216,28482,43.0198308,-87.9186945,53204,1
53205,28504,43.0441177,-88.0289889,53226,1
53215,28473,43.0186942,-87.9208782,53204,1
53404,27574,43.0418686,-87.9084624,53202,1
53214,37986,43.0124994,-87.9928039,53214,3
53214,36573,43.0166335,-87.9915947,53214,1
53204,27102,43.3185059,-87.9289788,53024,1
53406,28236,42.7059261,-87.9149225,53177,1
54601,37424,43.8094582,-91.2413557,54601,1
52132,10025,43.2920056,-91.794553,52101,1
53214,27114,43.0555513,-87.9627692,53208,1
53209,33369,43.1354904,-87.9866838,53223,1
53221,28400,43.0488227,-87.9278883,53205,1
53206,26934,43.0453982,-87.9001095,53202,1
53214,27055,43.0395821,-87.9198778,53233,1
53220,27055,43.0395821,-87.9198778,53233,3
53215,28466,43.1176754,-87.9904266,53218,1
53209,12634,43.03884557,-87.91469278,53203,2
53218,27529,43.0418568,-87.9096904,53202,1
53219,28405,43.0488227,-87.9278883,53205,1
53202,27704,43.058008,-88.232804,53188,1
53216,30974,43.0395821,-87.9198778,53233,1
53208,19247,43.0554359,-87.9627249,53208,1
53218,27711,43.0561253,-87.9260188,53205,1
53208,34922,43.0615264,-87.8864629,53211,1
53223,29587,43.1790677,-88.0077181,53223,2
53403,37820,43.0483622,-87.9296885,53205,1
53227,20037,0,0,,1
53226,28400,43.0488227,-87.9278883,53205,2
53215,27428,43.0439809,-87.9086048,53202,1
53215,29049,43.1368932,-87.9546928,53209,1
53206,28949,43.020389,-87.9327909,53204,1
53225,37623,43.0210082,-87.9968633,53214,2
53202,37415,43.088674,-89.5263264,53562,1
54729,7810,44.940792,-91.395884,54729,1
54650,11647,43.8146827,-91.2486459,54601,2
53215,34981,42.9754346,-87.9089248,53207,3
53227,37986,43.0124994,-87.9928039,53214,1
53221,28567,43.0081152,-88.2269647,53186,1
53218,12678,43.0739184,-89.4596141,53705,1
53216,29059,43.0482662,-87.9275249,53205,1
53211,6237,,,,1
53223,33408,43.0533748,-89.3955318,53715,1
53206,27277,43.3185059,-87.9289788,53024,1
53218,27354,43.0893658,-87.9760915,53216,2
53204,26996,43.0426219,-87.9279631,53233,1
53224,35464,43.0556602,-87.9181198,53212,2
53209,27443,43.0422531,-88.2235503,53188,1
53209,27553,43.0898173,-87.9122221,53212,1
53212,12634,43.03884557,-87.91469278,53203,1
53209,27859,43.1186855,-87.9443045,53209,1
53218,36980,43.1479775,-87.9791231,53223,1
53221,30730,43.3878021,-87.8723519,53074,1
53202,28159,43.0395821,-87.9198778,53233,1
53022,,,,,1
53202,26933,43.0371135,-87.9137137,53290,1
54601,11547,43.8165172,-91.2482325,54601,1
54701,,,,,1
54729,37415,43.088674,-89.5263264,53562,1
54601,36829,43.8299982,-91.2498674,54603,1
53110,28929,43.0122026,-87.9523576,53215,1
54650,16528,43.5763627,-90.8884089,54665,1
53091,28435,43.0409377,-87.9365218,53233,1
54669,20039,43.0718225,-89.3816961,53703,1
53110,48132,43.1281001,-87.9909694,53218,1
53406,28145,42.7144828,-87.9013908,53177,1
53212,26915,43.03884557,-87.91469278,53203,2
53214,27102,43.3185059,-87.9289788,53024,1
53212,12085,43.0835215,-89.3643879,53703,1
53218,29244,43.1194309,-88.0146202,53218,1
53223,27240,43.1368903,-88.0073999,53223,1
53202,37477,43.0395821,-87.9198778,53233,1
53216,27356,43.087774,-87.884491,53211,1
53222,28479,43.0070203,-87.9299949,53204,1
53219,27715,43.0411607,-87.9142099,53203,1
53205,27533,42.972029,-87.91947462,53221,1
53224,None,,,,1
53209,26996,43.0426219,-87.9279631,53233,1
53223,19391,43.1161888,-89.3540564,53704,1
54729,33514,43.0093806,-88.2300293,53186,1
53208,37477,43.0395821,-87.9198778,53233,2
53091,29250,43.0113246,-88.2268907,53186,1
53216,28117,43.0234168,-87.9869684,53214,1
53208,27803,43.0906535,-87.9450801,53206,1
53209,37137,43.0759324,-89.381178,53703,1
53214,20431,,,,1
53214,36980,43.1479775,-87.9791231,53223,1
53212,29867,43.1452797,-88.071874,53051,1
53215,12770,35.20783477,-80.83076703,28235,1
53215,27171,43.0418686,-87.9084624,53202,1
53214,28399,43.0210082,-87.9968633,53214,1
53091,37733,43.0108085,-88.2265919,53186,1
53216,19945,43.07519041,-89.38072137,53703,1
53216,13752,41.1485931,-73.492733,6840,1
53051,29703,43.0256503,-88.232283,53188,1
53220,36730,43.0227027,-87.9339812,53204,1
54601,14750,43.8031708,-91.228582,54601,1
53218,30121,43.0641205,-87.96717239,53233,1
53224,26909,43.0932201,-87.9477251,53216,1
53227,20039,43.0718225,-89.3816961,53703,1
53216,27112,43.1804866,-87.963573,53209,1
53210,29554,42.5492485,-87.8259614,53143,1
53404,12678,43.0739184,-89.4596141,53705,1
53221,28626,43.0081457,-88.2256718,53186,1
54220,36795,44.0784553,-87.7039445,54220,1
53215,20039,43.0718225,-89.3816961,53703,1
53224,12627,38.8839902,-77.0227117,20410,1
53223,12068,34.9838717,-80.7854955,28173,1
53216,3574,44.909097,-89.651619,54401,1
53228,27102,43.3185059,-87.9289788,53024,1
53233,28622,43.0607703,-87.934476,53205,1
53209,33495,43.090023,-87.941777,53206,1
53202,35612,43.067615,-87.9441198,53206,1
53212,27013,43.0755264,-87.9416179,53206,1
53206,37907,43.0901002,-87.9661372,53216,2
53402,26771,43.4168975,-88.6977918,53039,1
53204,29697,43.1116189,-87.9641853,53209,1
54636,14279,43.8149618,-91.2504499,54601,1
54650,7489,43.8838955,-91.2309818,54650,3
53215,28405,43.0488227,-87.9278883,53205,6
53221,12097,43.0603089,-89.2885089,53718,1
53233,28435,43.0409377,-87.9365218,53233,3
53206,28505,43.1192086,-88.0324478,53225,17
53214,27883,43.1144094,-87.9347786,53209,1
53223,28504,43.0441177,-88.0289889,53226,1
53208,35464,43.0556602,-87.9181198,53212,4
53215,30121,43.0641205,-87.96717239,53233,1
53072,28302,42.72878853,-87.80726897,53401,1
53186,19304,43.0012827,-88.0511015,53227,1
53206,34922,43.0615264,-87.8864629,53211,2
54650,37355,43.8276228,-91.2155493,54601,3
53216,28505,43.1192086,-88.0324478,53225,6
53206,28431,43.0654111,-87.9144034,53212,1
53212,30499,43.00679569,-88.02960138,53214,8
53222,28435,43.0409377,-87.9365218,53233,3
53206,28600,43.0418686,-87.9084624,53202,4
53214,None,,,,3
53215,27227,43.0135771,-87.941262,53204,2
53225,27114,43.0555513,-87.9627692,53208,2
53403,28155,42.7480251,-87.7856331,53402,2
53210,26934,43.0453982,-87.9001095,53202,2
53218,27344,43.0436462,-87.9268158,53233,1
53212,28397,43.0210082,-87.9968633,53214,7
53204,19318,42.9943092,-87.9134072,53207,2
53215,28153,43.0386745,-87.9199844,53203,1
53207,37588,42.9906596,-87.9081504,53207,1
53216,27622,43.0561162,-87.9880353,53208,1
53208,27171,43.0418686,-87.9084624,53202,1
53220,28504,43.0441177,-88.0289889,53226,1
53218,28466,43.1176754,-87.9904266,53218,7
53210,32116,43.0750725,-88.0038214,53210,6
53154,28505,43.1192086,-88.0324478,53225,1
53216,37907,43.0901002,-87.9661372,53216,1
53233,37819,43.0433344,-87.9240303,53233,4
53204,28929,43.0122026,-87.9523576,53215,3
53225,,,,,1
53206,26986,43.0451424,-87.9393587,53233,2
53217,20037,0,0,,1
53219,28622,43.0607703,-87.934476,53205,1
53223,37820,43.0483622,-87.9296885,53205,4
53215,26937,43.0147369,-87.949006,53215,3
54601,11338,43.8133632,-91.2456839,54601,1
55921,14375,43.6348736,-91.4950365,55921,1
55921,14438,43.8104865,-91.2498486,54601,1
54669,11923,43.8146827,-91.2486459,54601,2
53185,28397,43.0210082,-87.9968633,53214,2
53208,27343,39.035332,-76.9831134,20903,1
53110,30499,43.00679569,-88.02960138,53214,1
53225,30499,43.00679569,-88.02960138,53214,2
54601,37355,43.8276228,-91.2155493,54601,3
53218,28622,43.0607703,-87.934476,53205,3
53214,30499,43.00679569,-88.02960138,53214,3
53209,27883,43.1144094,-87.9347786,53209,2
53204,36980,43.1479775,-87.9791231,53223,1
53212,27754,43.0054478,-87.9758952,53219,1
53215,36605,43.0467965,-88.0076535,53213,2
53202,37472,43.3235665,-88.379204,53027,1
53216,27682,43.0433322,-87.9238174,53233,1
53227,28904,42.9419067,-88.0634679,53130,1
53233,27861,43.0418389,-87.9412286,53233,3
53403,30047,42.7265875,-87.8064506,53405,3
53212,27391,43.009808,-87.9618726,53215,1
53224,37820,43.0483622,-87.9296885,53205,4
53212,37820,43.0483622,-87.9296885,53205,3
53208,28468,43.052153,-87.9191542,53212,4
53222,37820,43.0483622,-87.9296885,53205,1
53209,27555,43.0511886,-87.939263,53205,1
53105,20044,43.0424205,-88.0239984,53226,1
53225,34870,43.1072674,-88.0715564,53007,1
53218,37426,43.0472661,-87.8985764,53202,1
53206,28444,43.0633551,-87.9180815,53212,5
53218,35464,43.0556602,-87.9181198,53212,3
53223,41157,43.0488227,-87.9278883,53205,1
53226,None,,,,1
53204,12770,35.20783477,-80.83076703,28235,2
53206,33495,43.090023,-87.941777,53206,3
53214,28803,43.0161722,-87.9914648,53214,2
53202,28505,43.1192086,-88.0324478,53225,4
53218,27715,43.0411607,-87.9142099,53203,2
53051,28615,43.0124564,-88.2203274,53186,1
53202,28622,43.0607703,-87.934476,53205,2
53208,20273,44.1675811,-88.465704,54956,1
53189,30883,43.0641205,-87.96717239,,1
53215,35937,43.0317385,-87.9122194,53204,1
53233,28456,43.0483622,-87.9296885,53205,2
54729,19499,41.25178064,-96.13101696,68010,1
53158,28153,43.0386745,-87.9199844,53203,1
53216,28430,43.0731159,-88.05589,53222,1
53209,33027,43.0555576,-87.9145566,53212,2
53210,27737,43.0530363,-87.934476,53205,4
53204,27533,42.972029,-87.91947462,53221,2
54601,27282,43.0226032,-87.9314504,53204,1
53208,28114,43.0383969,-87.947036,53233,1
53205,28929,43.0122026,-87.9523576,53215,2
53209,7811,43.0750236,-89.3266979,53716,1
53233,30642,43.0715876,-87.9352803,53206,1
53218,33027,43.0555576,-87.9145566,53212,3
53110,28400,43.0488227,-87.9278883,53205,3
53213,37820,43.0483622,-87.9296885,53205,1
53233,29697,43.1116189,-87.9641853,53209,1
53233,None,,,,3
53403,28151,42.7258283,-87.7899518,53403,2
53202,22234,44.2513583,-88.3688148,54915,1
53220,28455,42.9730202,-88.0102415,53220,2
53204,30126,43.015901,-87.9129857,53204,5
53210,27420,43.061501,-87.974422,53210,1
53228,35464,43.0556602,-87.9181198,53212,1
55921,10539,43.6344605,-91.4965296,55921,1
54729,36859,44.9271098,-91.3604126,54729,1
53206,28159,43.0395821,-87.9198778,53233,2
53208,34926,43.0371536,-87.951745,53208,2
54729,15447,44.8133836,-91.4946206,54701,1
53208,32116,43.0750725,-88.0038214,53210,2
53209,28153,43.0386745,-87.9199844,53203,2
53212,30883,43.0641205,-87.96717239,,2
53072,29250,43.0113246,-88.2268907,53186,1
53210,27903,43.0755531,-87.9792239,53210,1
53208,29588,43.0392652,-87.9152463,53203,2
53218,28159,43.0395821,-87.9198778,53233,1
53233,30859,43.0682117,-88.018167,53222,1
53214,34907,43.067804,-87.9229711,53206,1
53210,27411,43.0535766,-87.9286927,53205,1
53223,37137,43.0759324,-89.381178,53703,1
53210,20050,43.0718225,-89.3816961,53703,1
53216,28399,43.0210082,-87.9968633,53214,1
53208,28509,43.0172491,-87.986702,53214,1
53216,28506,43.0658628,-87.9121427,53212,1
53218,31808,43.0220824,-88.0005676,53214,1
53130,28505,43.1192086,-88.0324478,53225,1
53212,37535,43.0785513,-87.9044485,53212,2
53404,32482,42.7153861,-87.8181059,53405,3
53402,27004,42.9366222,-87.851791,53110,1
53186,29250,43.0113246,-88.2268907,53186,1
53206,29239,43.046,-87.9026344,53202,1
53233,28630,43.073142,-87.946954,53210,1
53215,28929,43.0122026,-87.9523576,53215,5
53209,29414,43.0699934,-87.9058583,53212,2
53218,28929,43.0122026,-87.9523576,53215,1
53172,None,,,,1
54669,8734,44.5098578,-88.0171229,54301,1
53405,28155,42.7480251,-87.7856331,53402,1
53218,28434,43.0409377,-87.9365218,53233,3
53204,27694,43.015901,-87.9129857,53204,1
53403,None,,,,3
53221,28435,43.0409377,-87.9365218,53233,3
53216,27574,43.0418686,-87.9084624,53202,1
53209,28626,43.0081457,-88.2256718,53186,1
53206,27803,43.0906535,-87.9450801,53206,1
53403,33230,43.0395821,-87.9198778,53233,1
53210,19398,42.9919933,-87.9375834,53215,1
53226,28435,43.0409377,-87.9365218,53233,1
53202,27238,43.0568755,-87.9820427,53208,1
53209,27711,43.0561253,-87.9260188,53205,1
53218,29028,43.0389226,-87.962498,53208,1
53212,20039,43.0718225,-89.3816961,53703,1
53206,27890,43.03733013,-87.92320041,53233,2
53404,30625,42.7254704,-87.7851336,53403,2
53206,27436,43.0717498,-87.9443175,53206,1
53215,26948,43.0143562,-87.9246116,53204,3
53223,27055,43.0395821,-87.9198778,53233,1
53205,None,,,,2
53207,28593,43.0410791,-88.0397474,53226,1
53215,27658,43.1244822,-87.9850609,53218,1
53216,12634,43.03884557,-87.91469278,53203,2
53216,28159,43.0395821,-87.9198778,53233,2
53221,19318,42.9943092,-87.9134072,53207,1
53218,19318,42.9943092,-87.9134072,53207,1
54601,11877,43.8178198,-91.2309843,54601,1
53210,30883,43.0641205,-87.96717239,,2
53205,27081,43.0426483,-87.9212718,53233,1
54636,9742,43.8149618,-91.2504499,54601,1
53208,19962,43.0429146,-89.3759564,53713,1
53224,28468,43.052153,-87.9191542,53212,1
53215,27536,43.0419228,-87.9088701,53202,1
53215,28502,42.988534,-87.8924671,53207,1
53213,28397,43.0210082,-87.9968633,53214,1
53216,27857,43.0547713,-87.95783797,53208,1
53227,27055,43.0395821,-87.9198778,53233,2
53205,27529,43.0418568,-87.9096904,53202,1
53404,30172,42.7077879,-87.8032018,53403,1
53214,28918,43.0019257,-88.0532287,53227,1
53225,37760,43.0559483,-88.2247031,53188,1
53209,20050,43.0718225,-89.3816961,53703,1
53214,26942,43.0706762,-87.9542334,53210,1
53205,5317,32.9112562,-96.8758046,75234,1
53216,29587,43.1790677,-88.0077181,53223,1
53186,12661,43.0718225,-89.3816961,53703,1
54601,12124,43.8186417,-91.2484103,54601,1
52049,12318,43.8730173,-91.1786141,54650,1
54669,15765,43.8175965,-91.2485708,54601,1
53406,28130,42.7300554,-87.9606641,53177,1
54603,35369,43.8186417,-91.2484103,54601,1
53208,37534,43.0607703,-87.934476,53205,1
53185,29703,43.0256503,-88.232283,53188,1
53211,30511,43.1034118,-87.993894,53218,1
53092,28215,43.1002545,-89.5390746,53562,1
53403,28252,42.7082115,-87.8066846,53403,1
53216,34907,43.067804,-87.9229711,53206,1
53208,26996,43.0426219,-87.9279631,53233,1
53233,27682,43.0433322,-87.9238174,53233,1
54914,34863,44.3975434,-88.7447015,54961,1
54495,33458,44.3888319,-89.8489501,54495,1
53204,27402,43.0414982,-88.0201306,53226,1
53207,12634,43.03884557,-87.91469278,53203,1
53214,38037,43.0178228,-88.0579973,53214,1
53224,28622,43.0607703,-87.934476,53205,4
53223,28521,43.0415872,-87.9240961,53233,1
53188,36701,43.0497976,-88.3717382,53018,1
53214,27529,43.0418568,-87.9096904,53202,1
53209,19422,43.0641205,-87.96717239,53212,1
53405,37625,42.7275578,-87.7845572,53403,1
53406,30047,42.7265875,-87.8064506,53405,1
53218,37288,43.0533748,-89.3955318,53715,1
54601,16575,44.8907241,-91.9310145,54751,1
54650,22234,44.2513583,-88.3688148,54915,1
53091,32468,43.4239461,-88.1738426,53095,1
53406,37545,42.7332103,-87.8073247,53404,1
53208,30659,43.0718648,-87.9445593,53206,1
53218,13748,38.8120934,-77.0405248,22314,1
53405,27112,43.1804866,-87.963573,53209,1
53220,37986,43.0124994,-87.9928039,53214,1
53022,28153,43.0386745,-87.9199844,53203,1
53206,28617,43.0136678,-88.237429,53188,1
53212,30054,43.0139088,-88.2347018,53188,1
53094,28397,43.0210082,-87.9968633,53214,1
53072,29703,43.0256503,-88.232283,53188,1
53210,28399,43.0210082,-87.9968633,53214,1
53224,27533,42.972029,-87.91947462,53221,1
53228,28622,43.0607703,-87.934476,53205,1
53027,27091,43.4260334,-88.1755546,53095,1
53210,28444,43.0633551,-87.9180815,53212,1
53172,28481,43.0206506,-87.9220658,53204,1
54601,,,,,2
54601,12198,43.5573364,-90.8924328,54665,1
54601,None,,,,5
52175,None,,,,1
53221,27276,42.9668847,-87.9359115,53221,1
53218,30167,43.1156658,-87.9865502,53218,1
53212,37819,43.0433344,-87.9240303,53233,4
53218,37907,43.0901002,-87.9661372,53216,2
53224,28397,43.0210082,-87.9968633,53214,6
53219,27228,43.0102909,-87.9870578,53219,1
53206,30659,43.0718648,-87.9445593,53206,6
53204,48132,43.1281001,-87.9909694,53218,1
53209,12608,43.0429146,-89.3759564,53713,1
53206,27361,43.0572735,-87.9615445,53208,1
53094,8734,44.5098578,-88.0171229,54301,1
53209,41157,43.0488227,-87.9278883,53205,2
53208,29704,38.8120934,-77.0405248,22314,3
53202,None,,,,4
53204,37477,43.0395821,-87.9198778,53233,2
53208,29715,43.1281001,-87.9909694,53218,2
53206,30499,43.00679569,-88.02960138,53214,7
53186,29696,43.0215108,-88.2316651,53188,4
53210,28504,43.0441177,-88.0289889,53226,4
53218,19962,43.0429146,-89.3759564,53713,2
53215,28434,43.0409377,-87.9365218,53233,3
53221,28397,43.0210082,-87.9968633,53214,3
53205,28435,43.0409377,-87.9365218,53233,8
53213,28159,43.0395821,-87.9198778,53233,1
53204,28397,43.0210082,-87.9968633,53214,10
53402,28240,42.7091628,-87.8045215,53403,2
53210,27803,43.0906535,-87.9450801,53206,2
53403,32482,42.7153861,-87.8181059,53405,10
53001,21122,43.7903536,-87.7589198,53083,1
53205,30499,43.00679569,-88.02960138,53214,8
53222,37819,43.0433344,-87.9240303,53233,3
53225,28466,43.1176754,-87.9904266,53218,2
53186,28397,43.0210082,-87.9968633,53214,5
53404,20177,44.2485131,-88.4027376,54915,1
53215,27674,42.9809926,-87.9465191,53221,1
53216,30121,43.0641205,-87.96717239,53233,2
53209,28468,43.052153,-87.9191542,53212,6
53206,34907,43.067804,-87.9229711,53206,5
53209,28400,43.0488227,-87.9278883,53205,25
53219,28400,43.0488227,-87.9278883,53205,7
53205,29948,43.0163831,-88.0088269,53214,1
53218,27055,43.0395821,-87.9198778,53233,8
53202,15684,33.76262165,-84.4227905,30348,1
53142,28177,42.7077879,-87.8032018,53403,1
53215,27521,43.0336437,-87.9147865,53203,1
53094,26806,42.9861485,-88.8266301,53549,1
53233,28397,43.0210082,-87.9968633,53214,6
53210,33702,43.0753949,-87.9553052,53210,1
53205,28456,43.0483622,-87.9296885,53205,2
53226,12634,43.03884557,-87.91469278,53203,1
53404,35298,42.732284,-87.7922417,53404,9
53227,19947,43.1469874,-89.2922553,53718,1
53225,27055,43.0395821,-87.9198778,53233,8
53214,27228,43.0102909,-87.9870578,53219,2
54601,35369,43.8186417,-91.2484103,54601,1
53206,27055,43.0395821,-87.9198778,53233,7
53205,27102,43.3185059,-87.9289788,53024,1
53215,19318,42.9943092,-87.9134072,53207,2
54669,None,,,,3
53204,26934,43.0453982,-87.9001095,53202,1
53206,37819,43.0433344,-87.9240303,53233,9
53223,31009,43.1397731,-88.03948,53224,1
53209,19247,43.0554359,-87.9627249,53208,1
53209,26909,43.0932201,-87.9477251,53216,6
53207,27555,43.0511886,-87.939263,53205,1
53207,28400,43.0488227,-87.9278883,53205,3
53219,20034,43.0741802,-89.4611365,53705,1
53402,19391,43.1161888,-89.3540564,53704,1
53205,27711,43.0561253,-87.9260188,53205,1
53214,28400,43.0488227,-87.9278883,53205,4
53216,35115,43.0781352,-87.9160112,53212,3
53227,37477,43.0395821,-87.9198778,53233,2
53218,20058,43.0386567,-87.91364,53203,1
53222,29125,43.0091909,-88.2275888,53186,1
53210,27683,43.04333,-87.9237698,53233,1
53210,37819,43.0433344,-87.9240303,53233,6
53154,28706,42.9920247,-87.9361228,53215,1
53225,19963,43.02236034,-87.91836009,53203,1
53215,27361,43.0572735,-87.9615445,53208,1
53404,5589,42.9879884,-89.53719744,53593,1
53221,28405,43.0488227,-87.9278883,53205,5
53216,28405,43.0488227,-87.9278883,53205,3
53214,28837,43.016105,-87.9978489,53214,1
53206,29785,43.0102423,-88.226241,53186,1
53130,19318,42.9943092,-87.9134072,53207,1
53206,26909,43.0932201,-87.9477251,53216,5
54656,7489,43.8838955,-91.2309818,54650,1
52049,38042,37.7811495,-122.4579245,94118,1
54669,11951,43.8119402,-91.2378063,54601,1
53209,28466,43.1176754,-87.9904266,53218,3
53202,27055,43.0395821,-87.9198778,53233,2
53227,27273,43.0133034,-88.0052784,53214,1
53212,37442,43.128509,-87.955344,53209,1
53228,37535,43.0785513,-87.9044485,53212,1
55921,10538,43.8088497,-91.7544532,55971,1
53225,27240,43.1368903,-88.0073999,53223,1
53211,37819,43.0433344,-87.9240303,53233,1
53227,27894,43.0254095,-87.9103809,53204,1
53224,37110,43.1847944,-88.0045085,53223,3
nan,27658,43.1244822,-87.9850609,53218,1
53225,37907,43.0901002,-87.9661372,53216,1
53233,12770,35.20783477,-80.83076703,28235,1
53204,27332,43.0229532,-87.9286594,53204,1
53405,30187,42.7148104,-87.8143275,53405,3
53202,35464,43.0556602,-87.9181198,53212,3
53072,19247,43.0554359,-87.9627249,53208,1
53216,27114,43.0555513,-87.9627692,53208,3
53202,28434,43.0409377,-87.9365218,53233,4
53212,35464,43.0556602,-87.9181198,53212,1
53204,27558,37.8065467,-122.4202367,94109,1
53402,30047,42.7265875,-87.8064506,53405,4
53226,28397,43.0210082,-87.9968633,53214,1
53215,28114,43.0383969,-87.947036,53233,2
53210,27682,43.0433322,-87.9238174,53233,1
53215,36517,43.0185227,-87.9471891,53215,1
53207,27082,43.0024358,-87.9136371,53207,1
53208,27115,43.0554294,-87.9627315,53208,3
53219,19318,42.9943092,-87.9134072,53207,1
53212,26922,43.0609542,-87.9770744,53208,1
53208,30883,43.0641205,-87.96717239,,2
53094,27282,43.0226032,-87.9314504,53204,1
53207,37819,43.0433344,-87.9240303,53233,2
53210,27839,43.0392652,-87.9152463,53203,1
53214,27552,43.0890466,-87.920121,53206,1
53222,28434,43.0409377,-87.9365218,53233,1
54650,9981,43.8149618,-91.2504499,54601,1
53214,28504,43.0441177,-88.0289889,53226,4
53001,12634,43.03884557,-87.91469278,53203,1
53206,30121,43.0641205,-87.96717239,53233,1
53222,37477,43.0395821,-87.9198778,53233,3
53205,41157,43.0488227,-87.9278883,53205,2
53218,37623,43.0210082,-87.9968633,53214,1
53212,36605,43.0467965,-88.0076535,53213,1
53212,30108,43.1625255,-88.0052206,53223,1
53216,12678,43.0739184,-89.4596141,53705,1
53538,26814,42.9195587,-88.8464786,53538,1
53216,20058,43.0386567,-87.91364,53203,1
53215,37818,42.9850595,-87.9345942,53215,1
53208,27114,43.0555513,-87.9627692,53208,4
53224,28505,43.1192086,-88.0324478,53225,3
53206,35115,43.0781352,-87.9160112,53212,1
53205,37820,43.0483622,-87.9296885,53205,4
53223,27745,43.0625038,-87.9771504,53210,4
53212,20977,,,,1
53218,28395,43.0229535,-87.9298417,53204,1
53072,28397,43.0210082,-87.9968633,53214,1
53154,27653,42.883575,-87.9131773,53154,1
53223,27658,43.1244822,-87.9850609,53218,2
53208,19389,43.05853901,-89.32570257,53703,1
53402,28252,42.7082115,-87.8066846,53403,1
53223,26909,43.0932201,-87.9477251,53216,2
53204,34894,43.1103985,-87.9497902,53209,1
53188,12703,43.0923884,-89.3525366,53704,1
53215,27448,42.9468522,-87.9290002,53221,1
53223,28401,43.0488227,-87.9278883,53205,1
53206,28504,43.0441177,-88.0289889,53226,4
53182,28212,42.6698838,-88.2677838,53105,1
53204,28193,43.0210082,-87.9968633,53214,1
53005,29250,43.0113246,-88.2268907,53186,1
53209,27745,43.0625038,-87.9771504,53210,4
54701,7489,43.8838955,-91.2309818,54650,2
54701,19162,34.08826696,-118.3718289,90069,1
53208,27411,43.0535766,-87.9286927,53205,2
53208,None,,,,4
53211,27055,43.0395821,-87.9198778,53233,2
53206,27715,43.0411607,-87.9142099,53203,1
53704,37477,43.0395821,-87.9198778,53233,1
53403,29622,42.5492485,-87.8259614,53143,1
53212,27529,43.0418568,-87.9096904,53202,1
53213,27097,43.0425413,-87.9223339,53233,1
53218,26934,43.0453982,-87.9001095,53202,2
53209,27577,43.1344371,-88.0070416,53218,1
53212,27081,43.0426483,-87.9212718,53233,1
53225,37819,43.0433344,-87.9240303,53233,2
53202,27890,43.03733013,-87.92320041,53233,2
53225,37477,43.0395821,-87.9198778,53233,2
53215,27894,43.0254095,-87.9103809,53204,1
53404,30728,42.715413,-87.829413,53405,2
53202,34906,43.0186942,-87.9208782,53204,1
53221,28193,43.0210082,-87.9968633,53214,1
53216,29957,,,,1
53110,28399,43.0210082,-87.9968633,53214,1
53704,None,,,,1
55921,9829,43.7622821,-91.5625356,55943,1
53220,28434,43.0409377,-87.9365218,53233,1
53206,29414,43.0699934,-87.9058583,53212,2
53209,30054,43.0139088,-88.2347018,53188,1
54669,12742,43.0749666,-89.3840985,53703,1
53210,28430,43.0731159,-88.05589,53222,1
54650,14453,43.9094539,-91.23774,54650,1
53202,7811,43.0750236,-89.3266979,53716,1
53221,26937,43.0147369,-87.949006,53215,1
53178,6319,43.1232574,-89.3111873,53704,1
53218,37854,43.0418686,-87.9084624,53202,1
53204,20058,43.0386567,-87.91364,53203,1
53224,30895,43.1627769,-88.0154764,53224,1
53212,28468,43.052153,-87.9191542,53212,2
54669,19401,43.06394023,-89.41875413,53711,1
53221,27055,43.0395821,-87.9198778,53233,2
53212,37590,43.056006,-87.9162808,53212,1
53204,27112,43.1804866,-87.963573,53209,1
53204,37288,43.0533748,-89.3955318,53715,1
53090,28080,43.4242969,-88.1827007,53095,1
53206,27523,43.0417217,-87.9043253,53202,1
53218,37851,43.0415872,-87.9240961,53233,1
53225,36980,43.1479775,-87.9791231,53223,1
53206,27437,43.0555576,-87.9145566,53212,1
53214,28435,43.0409377,-87.9365218,53233,1
53215,37637,42.9943092,-87.9134072,53207,1
53233,34864,43.4203584,-88.1990506,53095,1
53209,6284,43.1055688,-89.3585295,53704,1
53208,28401,43.0488227,-87.9278883,53205,1
53210,29697,43.1116189,-87.9641853,53209,1
53223,20036,43.0488227,-87.9278883,53205,1
54601,36610,43.925343,-91.244287,54636,1
54601,11794,43.8121532,-91.2304226,54601,1
54669,11915,43.850713,-91.234189,54603,1
54650,26869,40.7063491,-74.0125217,10004,1
54729,19303,43.082398,-88.4380688,53066,1
53219,33702,43.0753949,-87.9553052,53210,1
53224,6405,43.0995937,-89.3645741,53704,1
53212,12627,38.8839902,-77.0227117,20410,1
53206,,,,,1
53154,27055,43.0395821,-87.9198778,53233,1
53072,28850,43.0827287,-88.2595434,53072,1
53218,28193,43.0210082,-87.9968633,53214,1
53210,29715,43.1281001,-87.9909694,53218,1
53206,37534,43.0607703,-87.934476,53205,1
53225,20037,0,0,,1
53223,27065,42.9725875,-88.055915,53228,1
53212,20037,0,0,,2
53207,34864,43.4203584,-88.1990506,53095,1
53216,28395,43.0229535,-87.9298417,53204,1
53209,37851,43.0415872,-87.9240961,53233,1
53205,28405,43.0488227,-87.9278883,53205,1
53225,26934,43.0453982,-87.9001095,53202,1
53209,29704,38.8120934,-77.0405248,22314,1
53209,27621,43.0565334,-87.9879237,53208,1
53214,28049,43.0460713,-87.9120661,53202,1
53405,20039,43.0718225,-89.3816961,53703,1
53207,27116,43.0233591,-87.9187882,53204,1
53225,27857,43.0547713,-87.95783797,53208,1
53206,28114,43.0383969,-87.947036,53233,1
54901,21636,44.0194916,-88.5428522,54901,1
53206,29712,43.0787225,-87.9459821,53206,2
54601,37087,43.8028442,-91.0944166,54601,1
52175,11483,43.8754262,-91.1801525,54650,1
54636,19185,43.0707171,-89.3918288,53703,1
54729,32773,44.7865386,-91.5193873,54701,1
55921,11320,43.8253425,-91.2505251,54603,1
54636,11647,43.8146827,-91.2486459,54601,1
53214,32116,43.0750725,-88.0038214,53210,1
53216,36930,43.1189012,-87.9970031,53218,1
53206,28612,43.0215268,-88.2537804,53188,1
53202,27615,43.0440971,-88.0289756,53226,1
53218,27890,43.03733013,-87.92320041,53233,1
53215,28706,42.9920247,-87.9361228,53215,1
53208,28507,43.0177922,-87.9234448,53204,1
53225,28456,43.0483622,-87.9296885,53205,1
53051,28397,43.0210082,-87.9968633,53214,1
53208,37385,43.0344171,-87.9429391,53233,1
53221,27228,43.0102909,-87.9870578,53219,1
53154,27102,43.3185059,-87.9289788,53024,1
54403,3353,44.959661,-89.6285111,54403,1
53222,27555,43.0511886,-87.939263,53205,1
53186,29703,43.0256503,-88.232283,53188,1
53225,26933,43.0371135,-87.9137137,53290,1
53223,29704,38.8120934,-77.0405248,22314,1
55921,14563,43.5217417,-91.7720852,55954,1
54729,11210,43.8043634,-91.2427084,54601,1
54669,12082,43.9407578,-90.8243707,54656,1
54636,31469,43.8766253,-91.2293333,54650,1
53208,37819,43.0433344,-87.9240303,53233,9
53205,12634,43.03884557,-87.91469278,53203,2
53233,26915,43.03884557,-87.91469278,53203,1
53233,28434,43.0409377,-87.9365218,53233,5
53219,31108,43.0020994,-87.9883669,53219,1
53221,36605,43.0467965,-88.0076535,53213,1
53233,27055,43.0395821,-87.9198778,53233,3
53216,32116,43.0750725,-88.0038214,53210,4
53216,28397,43.0210082,-87.9968633,53214,10
53219,35464,43.0556602,-87.9181198,53212,1
53212,27055,43.0395821,-87.9198778,53233,5
53204,36908,43.0406934,-87.9124493,53203,1
53209,35615,43.0958045,-87.943822,53209,1
53206,32752,43.0821724,-87.9418765,53206,1
53206,28434,43.0409377,-87.9365218,53233,4
53215,27114,43.0555513,-87.9627692,53208,2
53216,28073,43.0402924,-87.9140894,53203,2
53225,20050,43.0718225,-89.3816961,53703,1
53210,28434,43.0409377,-87.9365218,53233,5
53188,29696,43.0215108,-88.2316651,53188,5
53202,28435,43.0409377,-87.9365218,53233,8
53202,35541,43.0022434,-87.9197672,53215,1
53222,28622,43.0607703,-87.934476,53205,1
53209,27055,43.0395821,-87.9198778,53233,10
53220,12634,43.03884557,-87.91469278,53203,1
53001,None,,,,1
53224,30121,43.0641205,-87.96717239,53233,1
53204,29058,43.1648821,-88.0055004,53223,1
53402,28151,42.7258283,-87.7899518,53403,1
53225,29704,38.8120934,-77.0405248,22314,1
53214,27607,42.9716762,-88.0292009,53228,1
53209,37442,43.128509,-87.955344,53209,3
53206,27171,43.0418686,-87.9084624,53202,3
53154,28397,43.0210082,-87.9968633,53214,2
53403,,,,,1
53206,27013,43.0755264,-87.9416179,53206,13
53216,27110,43.089645,-87.901973,53212,1
53218,34869,43.5982792,-88.2861254,53010,1
53212,28444,43.0633551,-87.9180815,53212,4
53403,30172,42.7077879,-87.8032018,53403,7
54669,15318,43.8113467,-91.2497358,54601,1
53205,28397,43.0210082,-87.9968633,53214,15
53225,31808,43.0220824,-88.0005676,53214,2
53216,None,,,,8
53208,28504,43.0441177,-88.0289889,53226,6
53188,20044,43.0424205,-88.0239984,53226,1
53110,28839,42.9528004,-87.8493737,53110,1
53405,32482,42.7153861,-87.8181059,53405,3
55921,10446,43.6324662,-91.4985521,55921,1
54729,9093,44.9516569,-91.364826,54729,1
54636,11827,43.8148533,-91.2466917,54601,1
53208,20039,43.0718225,-89.3816961,53703,2
52175,35702,42.9620608,-91.8072301,52175,1
53208,27857,43.0547713,-87.95783797,53208,2
53219,30499,43.00679569,-88.02960138,53214,1
53210,27621,43.0565334,-87.9879237,53208,2
54636,9722,43.8146827,-91.2486459,54601,1
53218,27683,43.04333,-87.9237698,53233,2
53405,37786,42.7168522,-87.8476854,53406,1
53224,27064,43.1857231,-87.960209,53209,1
53204,29250,43.0113246,-88.2268907,53186,3
53222,28397,43.0210082,-87.9968633,53214,2
53154,27737,43.0530363,-87.934476,53205,1
53110,34981,42.9754346,-87.9089248,53207,1
53209,27694,43.015901,-87.9129857,53204,1
53406,29448,42.7168522,-87.8476854,53406,2
53224,37477,43.0395821,-87.9198778,53233,3
53208,36980,43.1479775,-87.9791231,53223,4
53222,28504,43.0441177,-88.0289889,53226,1
53223,30499,43.00679569,-88.02960138,53214,4
53204,27737,43.0530363,-87.934476,53205,3
53207,28153,43.0386745,-87.9199844,53203,1
53225,37820,43.0483622,-87.9296885,53205,1
53209,27715,43.0411607,-87.9142099,53203,4
53212,28505,43.1192086,-88.0324478,53225,6
53217,28397,43.0210082,-87.9968633,53214,1
53204,None,,,,5
53204,37819,43.0433344,-87.9240303,53233,5
53206,29956,43.0760178,-87.9140969,53212,3
53208,28405,43.0488227,-87.9278883,53205,2
53218,29588,43.0392652,-87.9152463,53203,1
54601,3936,44.5001569,-89.5620655,54481,1
54601,11483,43.8754262,-91.1801525,54650,2
54636,11520,43.812545,-91.228595,54601,1
54636,11481,43.7942288,-91.2476896,54601,1
53233,27745,43.0625038,-87.9771504,53210,1
53218,34894,43.1103985,-87.9497902,53209,1
53227,28439,43.042531,-87.94918,53208,1
53215,28400,43.0488227,-87.9278883,53205,10
53216,20037,0,0,,2
53224,36980,43.1479775,-87.9791231,53223,1
53209,26869,40.7063491,-74.0125217,10004,2
54601,6802,43.8412348,-91.2381604,54603,2
53214,27414,43.0659127,-87.8995488,53212,1
53204,6284,43.1055688,-89.3585295,53704,1
53214,28405,43.0488227,-87.9278883,53205,5
53208,28435,43.0409377,-87.9365218,53233,9
53404,28240,42.7091628,-87.8045215,53403,2
53209,30813,43.089777,-87.988605,53216,1
53209,37415,43.088674,-89.5263264,53562,1
53403,36726,42.5779024,-87.8335933,53143,1
53404,28273,42.5970446,-87.8564334,53144,1
53233,26939,43.068056,-87.9507688,53210,1
53204,27062,43.0607318,-87.9294121,53205,1
53215,27745,43.0625038,-87.9771504,53210,1
53209,37760,43.0559483,-88.2247031,53188,1
53210,27055,43.0395821,-87.9198778,53233,7
53206,26942,43.0706762,-87.9542334,53210,1
55921,12633,44.9808097,-93.2643993,55415,1
52049,,,,,1
54669,37174,43.8985825,-91.1094488,54669,1
54636,None,,,,1
53205,20039,43.0718225,-89.3816961,53703,1
53205,12770,35.20783477,-80.83076703,28235,1
53214,28164,42.7209472,-87.8623776,53406,1
53205,27114,43.0555513,-87.9627692,53208,2
53404,28155,42.7480251,-87.7856331,53402,4
53206,28405,43.0488227,-87.9278883,53205,1
53202,28399,43.0210082,-87.9968633,53214,1
53209,28434,43.0409377,-87.9365218,53233,1
53225,29250,43.0113246,-88.2268907,53186,1
53223,12642,43.0727634,-89.3863029,53703,1
53210,27555,43.0511886,-87.939263,53205,3
53216,28153,43.0386745,-87.9199844,53203,1
53227,28306,42.91692,-87.9636878,53132,1
53223,19422,43.0641205,-87.96717239,53212,1
53182,30047,42.7265875,-87.8064506,53405,1
53208,28505,43.1192086,-88.0324478,53225,4
53216,29704,38.8120934,-77.0405248,22314,1
53233,30499,43.00679569,-88.02960138,53214,3
53216,29715,43.1281001,-87.9909694,53218,3
53204,28626,43.0081457,-88.2256718,53186,1
53207,27114,43.0555513,-87.9627692,53208,1
53226,35303,43.0415872,-87.9240961,53233,1
53206,36605,43.0467965,-88.0076535,53213,1
53225,31009,43.1397731,-88.03948,53224,1
53220,26942,43.0706762,-87.9542334,53210,1
53205,27552,43.0890466,-87.920121,53206,1
53206,26951,43.0696125,-87.9161658,53212,1
53218,20039,43.0718225,-89.3816961,53703,1
54601,11647,43.8146827,-91.2486459,54601,1
55921,10534,43.6326477,-91.4961327,55921,1
54650,15274,43.8919403,-91.2314088,54650,1
54650,35718,43.8824515,-91.2146105,54650,1
53110,28107,42.9879996,-87.896315,53207,1
53218,27694,43.015901,-87.9129857,53204,1
54669,,,,,2
53211,None,,,,1
53206,34736,43.0901002,-87.9661372,53216,1
53215,26934,43.0453982,-87.9001095,53202,2
53219,28435,43.0409377,-87.9365218,53233,1
53209,20273,44.1675811,-88.465704,54956,1
53206,27086,43.0716492,-87.9151843,53212,2
53208,27180,43.0559926,-87.9144992,53212,1
53209,27683,43.04333,-87.9237698,53233,1
53223,37288,43.0533748,-89.3955318,53715,1
53188,28153,43.0386745,-87.9199844,53203,1
53403,30625,42.7254704,-87.7851336,53403,2
53224,29697,43.1116189,-87.9641853,53209,1
53216,30671,43.0030085,-88.0298506,53227,1
53211,28049,43.0460713,-87.9120661,53202,1
53224,28619,43.0121929,-88.2229148,53186,1
55974,7489,43.8838955,-91.2309818,54650,1
52175,7489,43.8838955,-91.2309818,54650,1
53154,26934,43.0453982,-87.9001095,53202,1
53189,30499,43.00679569,-88.02960138,53214,1
53216,27683,43.04333,-87.9237698,53233,1
53207,28435,43.0409377,-87.9365218,53233,1
53208,27615,43.0440971,-88.0289756,53226,1
53402,27386,42.8963685,-87.8636461,53172,1
53216,37092,,,,1
53210,12770,35.20783477,-80.83076703,28235,1
53222,36930,43.1189012,-87.9970031,53218,1
53205,28622,43.0607703,-87.934476,53205,1
53215,27737,43.0530363,-87.934476,53205,1
53222,28400,43.0488227,-87.9278883,53205,3
53204,26933,43.0371135,-87.9137137,53290,1
54956,20312,44.2274634,-88.4150275,54952,1
53207,27533,42.972029,-87.91947462,53221,1
53216,41157,43.0488227,-87.9278883,53205,2
54601,15093,43.8109399,-91.2528031,54601,1
53403,28703,42.73079,-87.7832232,53403,1
53221,36399,43.0104039,-88.2364727,53186,1
53206,19318,42.9943092,-87.9134072,53207,1
54701,6307,43.098365,-89.3050382,53714,1
54636,19947,43.1469874,-89.2922553,53718,1
53206,35548,43.0892598,-88.0466451,53222,1
53204,2237,37.8065467,-122.4202367,94109,1
53214,26922,43.0609542,-87.9770744,53208,1
53206,26922,43.0609542,-87.9770744,53208,1
53215,28505,43.1192086,-88.0324478,53225,2
53209,28509,43.0172491,-87.986702,53214,1
53211,28505,43.1192086,-88.0324478,53225,1
53403,30292,42.7678358,-87.7862687,53402,1
53110,12634,43.03884557,-87.91469278,53203,1
53209,28669,43.1262348,-87.9624021,53209,1
53185,30039,43.0214964,-88.2316036,53188,1
53186,28680,43.0936805,-88.3564698,53029,1
53218,27437,43.0555576,-87.9145566,53212,1
53209,26919,43.101475,-87.9903615,53218,1
53225,35464,43.0556602,-87.9181198,53212,1
53216,28600,43.0418686,-87.9084624,53202,1
53207,28483,42.9943092,-87.9134072,53207,1
53005,29696,43.0215108,-88.2316651,53188,1
53210,29704,38.8120934,-77.0405248,22314,1
53215,31808,43.0220824,-88.0005676,53214,2
53121,1860,42.6522441,-88.775456,53114,1
53204,20039,43.0718225,-89.3816961,53703,2
53402,38096,43.0718225,-89.3816961,53703,1
54729,9028,44.8832938,-91.8939361,54751,1
54636,37355,43.8276228,-91.2155493,54601,1
53233,37820,43.0483622,-87.9296885,53205,2
55921,7489,43.8838955,-91.2309818,54650,1
53212,35372,43.0741783,-87.9150366,53212,1
53404,28130,42.7300554,-87.9606641,53177,1
53225,37110,43.1847944,-88.0045085,53223,1
54304,1508,44.52074525,-87.98543188,54305,1
53218,34922,43.0615264,-87.8864629,53211,1
53212,29597,43.0662456,-87.8772825,53211,1
53210,28468,43.052153,-87.9191542,53212,1
53209,28401,43.0488227,-87.9278883,53205,1
53225,27674,42.9809926,-87.9465191,53221,1
53227,28435,43.0409377,-87.9365218,53233,1
53222,32116,43.0750725,-88.0038214,53210,1
53218,28468,43.052153,-87.9191542,53212,1
53210,7898,43.0753404,-89.5324032,53717,1
53208,28101,43.0471809,-87.904287,53202,1
53403,2169,45.14410196,-89.15582296,54409,1
53188,,,,,1
53233,27533,42.972029,-87.91947462,53221,1
53212,27744,43.05527576,-87.91821342,53212,1
54303,3196,44.5190473,-88.1019027,54304,1
53189,27102,43.3185059,-87.9289788,53024,1
53206,29715,43.1281001,-87.9909694,53218,1
53105,29448,42.7168522,-87.8476854,53406,1
53224,12678,43.0739184,-89.4596141,53705,1
53209,27114,43.0555513,-87.9627692,53208,1
55921,14003,43.6334273,-91.4973293,55921,1
53206,14275,43.9439587,-90.8131171,54656,1
54636,12285,43.7847203,-91.2279058,54601,1
54636,36489,43.8603236,-91.2398651,54603,1
53204,28505,43.1192086,-88.0324478,53225,9
53233,29715,43.1281001,-87.9909694,53218,1
53215,None,,,,10
53216,28400,43.0488227,-87.9278883,53205,21
53218,37819,43.0433344,-87.9240303,53233,4
53406,37137,43.0759324,-89.381178,53703,1
53209,35464,43.0556602,-87.9181198,53212,4
53406,30315,42.8342351,-88.2774045,53149,1
53212,28399,43.0210082,-87.9968633,53214,3
53704,6319,43.1232574,-89.3111873,53704,1
53212,,,,,3
53225,28114,43.0383969,-87.947036,53233,2
53188,27621,43.0565334,-87.9879237,53208,1
53202,29715,43.1281001,-87.9909694,53218,2
53206,29704,38.8120934,-77.0405248,22314,2
53223,28622,43.0607703,-87.934476,53205,2
53216,37819,43.0433344,-87.9240303,53233,3
53228,27391,43.009808,-87.9618726,53215,1
53403,5970,43.0795015,-89.3780435,53703,1
53206,6237,,,,1
53210,30499,43.00679569,-88.02960138,53214,10
53214,27656,43.0523297,-87.9458108,53205,1
53216,13748,38.8120934,-77.0405248,22314,1
53214,36517,43.0185227,-87.9471891,53215,1
53223,28400,43.0488227,-87.9278883,53205,6
53220,27737,43.0530363,-87.934476,53205,1
53210,35464,43.0556602,-87.9181198,53212,3
53208,29948,43.0163831,-88.0088269,53214,1
53215,32967,42.968637,-88.0469299,53228,1
53206,19247,43.0554359,-87.9627249,53208,1
53029,28405,43.0488227,-87.9278883,53205,1
53206,28397,43.0210082,-87.9968633,53214,23
53233,28400,43.0488227,-87.9278883,53205,5
53233,28504,43.0441177,-88.0289889,53226,1
53402,12655,43.0718225,-89.3816961,53703,1
53206,27683,43.04333,-87.9237698,53233,3
53208,19414,43.01389672,-88.23000754,53188,1
53205,30054,43.0139088,-88.2347018,53188,1
53212,27553,43.0898173,-87.9122221,53212,1
53204,27055,43.0395821,-87.9198778,53233,9
53209,20037,0,0,,7
53223,20058,43.0386567,-87.91364,53203,2
53219,27874,43.0127552,-88.0005271,53214,1
53210,28400,43.0488227,-87.9278883,53205,17
54601,16626,43.7806792,-91.2318502,54601,1
55921,None,,,,1
54669,12703,43.0923884,-89.3525366,53704,2
53211,28435,43.0409377,-87.9365218,53233,1
53206,28622,43.0607703,-87.934476,53205,13
53202,27411,43.0535766,-87.9286927,53205,1
53202,26934,43.0453982,-87.9001095,53202,3
53046,28397,43.0210082,-87.9968633,53214,1
53216,28434,43.0409377,-87.9365218,53233,1
53216,27715,43.0411607,-87.9142099,53203,3
53214,27235,43.0175128,-88.0583091,53214,1
53213,28400,43.0488227,-87.9278883,53205,3
53215,30499,43.00679569,-88.02960138,53214,5
53208,27055,43.0395821,-87.9198778,53233,5
53225,12770,35.20783477,-80.83076703,28235,1
53206,27745,43.0625038,-87.9771504,53210,6
53221,27614,38.9036883,-77.0074877,20002,1
53209,28405,43.0488227,-87.9278883,53205,2
53216,30167,43.1156658,-87.9865502,53218,1
53216,19942,38.851059,-77.050559,22202,1
53202,37385,43.0344171,-87.9429391,53233,1
53051,30107,43.0073399,-88.2232192,53186,1
53212,28626,43.0081457,-88.2256718,53186,1
53225,28397,43.0210082,-87.9968633,53214,6
53206,20037,0,0,,4
53210,37288,43.0533748,-89.3955318,53715,1
53223,27715,43.0411607,-87.9142099,53203,1
53207,19318,42.9943092,-87.9134072,53207,3
53094,12703,43.0923884,-89.3525366,53704,1
53210,27171,43.0418686,-87.9084624,53202,1
53218,27240,43.1368903,-88.0073999,53223,3
53206,33027,43.0555576,-87.9145566,53212,1
54669,9630,43.8735305,-91.1974905,54650,1
54636,37424,43.8094582,-91.2413557,54601,1
53402,28130,42.7300554,-87.9606641,53177,1
53216,28511,43.0551291,-87.9327909,53205,1
53208,41157,43.0488227,-87.9278883,53205,3
53218,28405,43.0488227,-87.9278883,53205,3
53207,27055,43.0395821,-87.9198778,53233,1
53206,29059,43.0482662,-87.9275249,53205,2
53218,27576,43.0773764,-87.9580253,53216,1
53204,27643,43.094395,-87.9059365,53212,1
53210,19397,43.0383536,-87.9361611,53233,1
53213,29704,38.8120934,-77.0405248,22314,1
53206,7749,43.073728,-89.3823586,53703,1
53521,32762,42.8717865,-89.533508,53508,1
53222,28399,43.0210082,-87.9968633,53214,1
53140,28349,42.6265411,-87.8286103,53140,1
53206,27533,42.972029,-87.91947462,53221,1
53212,29956,43.0760178,-87.9140969,53212,2
53223,27533,42.972029,-87.91947462,53221,1
53204,28405,43.0488227,-87.9278883,53205,2
53208,27533,42.972029,-87.91947462,53221,2
53222,27745,43.0625038,-87.9771504,53210,2
53221,28159,43.0395821,-87.9198778,53233,1
53210,30167,43.1156658,-87.9865502,53218,3
53206,30604,43.0889624,-87.9746973,53216,1
53219,28118,43.0160702,-88.0065798,53214,1
53225,27621,43.0565334,-87.9879237,53208,1
53207,28405,43.0488227,-87.9278883,53205,1
53205,28505,43.1192086,-88.0324478,53225,3
53212,26951,43.0696125,-87.9161658,53212,2
53207,30499,43.00679569,-88.02960138,53214,1
53210,28159,43.0395821,-87.9198778,53233,3
53210,26939,43.068056,-87.9507688,53210,2
53214,29028,43.0389226,-87.962498,53208,1
53206,19221,43.0383261,-87.9346292,53233,1
53206,28153,43.0386745,-87.9199844,53203,2
53704,5970,43.0795015,-89.3780435,53703,1
53142,28273,42.5970446,-87.8564334,53144,1
53210,37851,43.0415872,-87.9240961,53233,2
53211,37820,43.0483622,-87.9296885,53205,1
53212,None,,,,3
53224,27428,43.0439809,-87.9086048,53202,1
53402,19215,43.0210082,-87.9968633,53214,1
53221,28600,43.0418686,-87.9084624,53202,1
53132,28397,43.0210082,-87.9968633,53214,1
53212,27417,43.0555576,-87.9145566,53212,1
53204,29715,43.1281001,-87.9909694,53218,2
53186,12634,43.03884557,-87.91469278,53203,1
53215,1681,38.90477389,-77.0162909,20405,1
53208,27555,43.0511886,-87.939263,53205,1
53188,12097,43.0603089,-89.2885089,53718,1
53218,28386,40.85448247,-74.42679331,,1
53209,35386,43.1414864,-87.958403,53209,1
54601,11411,43.8164908,-91.2368844,54601,1
54615,7489,43.8838955,-91.2309818,54650,1
54669,11877,43.8178198,-91.2309843,54601,1
54669,19162,34.08826696,-118.3718289,90069,1
53212,27715,43.0411607,-87.9142099,53203,1
53189,28618,43.0100475,-88.2314369,53186,1
53405,35856,42.7019582,-87.8138859,53403,1
53223,None,,,,2
54650,11520,43.812545,-91.228595,54601,1
53573,7489,43.8838955,-91.2309818,54650,1
53208,36213,43.060187,-87.932939,53205,1
53216,28617,43.0136678,-88.237429,53188,1
53216,36837,43.04414,-87.949609,53208,1
53208,27083,43.0613891,-87.9751641,53210,1
53223,37587,43.1423223,-87.9539741,53209,1
53227,19318,42.9943092,-87.9134072,53207,1
53218,26890,43.0607301,-87.8800439,53211,1
53206,19321,42.9943092,-87.9134072,53207,1
53208,28193,43.0210082,-87.9968633,53214,1
53224,27658,43.1244822,-87.9850609,53218,1
53214,28949,43.020389,-87.9327909,53204,1
53204,27182,43.0944347,-87.9058966,53212,1
53218,,,,,2
53214,28118,43.0160702,-88.0065798,53214,1
53209,28439,43.042531,-87.94918,53208,1
53218,29697,43.1116189,-87.9641853,53209,2
53218,20032,43.0741802,-89.4611365,53705,1
54601,11635,43.7806792,-91.2318502,54601,1
54636,11930,43.7923931,-91.2566846,54601,1
53202,37819,43.0433344,-87.9240303,53233,1
53215,27621,43.0565334,-87.9879237,53208,2
53219,27737,43.0530363,-87.934476,53205,1
53214,35474,43.012833,-87.992762,53214,1
53218,20035,43.08082581,-89.39213926,53701,1
53209,27084,43.1188947,-87.9982818,53218,2
53208,19499,41.25178064,-96.13101696,68010,1
53212,36285,43.062877,-87.9279037,53206,1
53204,36530,42.156878,-87.8710863,60015,1
53188,5317,32.9112562,-96.8758046,75234,1
53215,26986,43.0451424,-87.9393587,53233,2
53206,14858,44.8103763,-91.4994402,54701,1
53212,19304,43.0012827,-88.0511015,53227,1
53206,36980,43.1479775,-87.9791231,53223,1
53209,34866,43.5848565,-88.4381546,53048,1
53227,27634,43.0597659,-88.0747716,53005,1
nan,28433,43.0484209,-87.9797328,53208,1
53405,29679,42.726192,-87.7829817,53403,1
53215,27890,43.03733013,-87.92320041,53233,1
53209,27338,43.1389387,-87.9528365,53209,1
53216,37415,43.088674,-89.5263264,53562,1
53204,26915,43.03884557,-87.91469278,53203,2
53189,28397,43.0210082,-87.9968633,53214,2
53228,27055,43.0395821,-87.9198778,53233,1
55921,18031,40.0462053,-82.8663252,43230,1
54601,11940,43.8044697,-91.2436283,54601,1
54669,7489,43.8838955,-91.2309818,54650,3
53227,27229,43.0147049,-88.0016685,53214,1
53208,12735,43.0333532,-88.1698993,53186,1
53222,28193,43.0210082,-87.9968633,53214,1
53206,28506,43.0658628,-87.9121427,53212,1
53212,27086,43.0716492,-87.9151843,53212,1
53404,12085,43.0835215,-89.3643879,53703,1
53072,37477,43.0395821,-87.9198778,53233,1
53121,30757,42.85666526,-88.32699927,53120,1
53221,28114,43.0383969,-87.947036,53233,1
53206,27552,43.0890466,-87.920121,53206,1
53210,584,44.5011765,-88.0121586,54301,1
54636,31458,43.8112152,-91.2446624,54601,1
54601,14279,43.8149618,-91.2504499,54601,1
53207,28482,43.0198308,-87.9186945,53204,1
54669,11345,43.9052348,-91.0804298,54669,1
53212,27620,42.9528004,-87.8493737,53110,1
53210,29410,43.0503087,-87.9430539,53205,1
53208,22046,44.2351411,-88.3832967,54915,1
53218,34736,43.0901002,-87.9661372,53216,1
53225,29697,43.1116189,-87.9641853,53209,1
53209,28122,43.089598,-87.9634581,53216,1
53110,28153,43.0386745,-87.9199844,53203,1
53227,28502,42.988534,-87.8924671,53207,1
53222,27084,43.1188947,-87.9982818,53218,1
53208,27754,43.0054478,-87.9758952,53219,1
53225,27102,43.3185059,-87.9289788,53024,1
53215,28622,43.0607703,-87.934476,53205,1
53205,29588,43.0392652,-87.9152463,53203,1
53209,30121,43.0641205,-87.96717239,53233,1
53210,19961,43.0741802,-89.4611365,53705,1
53130,20039,43.0718225,-89.3816961,53703,1
53223,29210,43.0415872,-87.9240961,53233,1
53228,28127,43.3770743,-88.4380492,53027,1
53206,29058,43.1648821,-88.0055004,53223,1